"Code","Name","Primary_Role_Name","Non_Primary_Role_Name(s)","Postcode","UPRN","Geographic_Local_Authority_Code","Geographic_Local_Authority_Name","High_Level_Health_Geography_Code","High_Level_Health_Geography_Name","National_Grouping_Code","National_Grouping_Name","Geographic_Government_Office_Region_Code","Geographic_Government_Office_Region_Name"
"RCF","AIREDALE NHS FOUNDATION TRUST","NHS TRUST","HOSPICE|FOUNDATION TRUST","BD20 6TD","100051940908","209","CITY OF BRADFORD METROPOLITAN DISTRICT COUNCIL","QWO","NHS WEST YORKSHIRE INTEGRATED CARE BOARD","Y63","NORTH EAST AND YORKSHIRE COMMISSIONING REGION","D","YORKSHIRE & THE HUMBER GOVERNMENT OFFICE REGION"
"RBS","ALDER HEY CHILDREN'S NHS FOUNDATION TRUST","NHS TRUST","HOSPICE|FOUNDATION TRUST","L12 2AP","38049828","316","LIVERPOOL CITY COUNCIL","QYG","NHS CHESHIRE AND MERSEYSIDE INTEGRATED CARE BOARD","Y62","NORTH WEST COMMISSIONING REGION","B","NORTH WEST GOVERNMENT OFFICE REGION"
"RTK","ASHFORD AND ST PETER'S HOSPITALS NHS FOUNDATION TRUST","NHS TRUST","FOUNDATION TRUST","KT16 0PZ","200004039061","805","SURREY COUNTY COUNCIL","QXU","NHS SURREY HEARTLANDS INTEGRATED CARE BOARD","Y59","SOUTH EAST COMMISSIONING REGION","J","SOUTH EAST GOVERNMENT OFFICE REGION"
"RVN","AVON AND WILTSHIRE MENTAL HEALTH PARTNERSHIP NHS TRUST","NHS TRUST","","BA1 3QE","10001136832","908","BATH AND NORTH EAST SOMERSET COUNCIL","QOX","NHS BATH AND NORTH EAST SOMERSET, SWINDON AND WILTSHIRE INTEGRATED CARE BOARD","Y58","SOUTH WEST COMMISSIONING REGION","K","SOUTH WEST GOVERNMENT OFFICE REGION"
"RF4","BARKING, HAVERING AND REDBRIDGE UNIVERSITY HOSPITALS NHS TRUST","NHS TRUST","","RM7 0AG","10013186555","726","LONDON BOROUGH OF HAVERING","QMF","NHS NORTH EAST LONDON INTEGRATED CARE BOARD","Y56","LONDON COMMISSIONING REGION","H","LONDON GOVERNMENT OFFICE REGION"
"RRP","BARNET, ENFIELD AND HARINGEY MENTAL HEALTH NHS TRUST","NHS TRUST","","N15 3TH","100023151098","724","LONDON BOROUGH OF HARINGEY","QMJ","NHS NORTH CENTRAL LONDON INTEGRATED CARE BOARD","Y56","LONDON COMMISSIONING REGION","H","LONDON GOVERNMENT OFFICE REGION"
"RFF","BARNSLEY HOSPITAL NHS FOUNDATION TRUST","NHS TRUST","HOSPICE|FOUNDATION TRUST","S75 2EP","100052201981","204","BARNSLEY METROPOLITAN BOROUGH COUNCIL","QF7","NHS SOUTH YORKSHIRE INTEGRATED CARE BOARD","Y63","NORTH EAST AND YORKSHIRE COMMISSIONING REGION","D","YORKSHIRE & THE HUMBER GOVERNMENT OFFICE REGION"
"RNJ","BARTS AND THE LONDON NHS TRUST","NHS TRUST","HOSPICE","E1 1BB","","711","LONDON BOROUGH OF TOWER HAMLETS","QMF","NHS NORTH EAST LONDON INTEGRATED CARE BOARD","Y56","LONDON COMMISSIONING REGION","H","LONDON GOVERNMENT OFFICE REGION"
"R1H","BARTS HEALTH NHS TRUST","NHS TRUST","","E1 2ES","6362645","711","LONDON BOROUGH OF TOWER HAMLETS","QMF","NHS NORTH EAST LONDON INTEGRATED CARE BOARD","Y56","LONDON COMMISSIONING REGION","H","LONDON GOVERNMENT OFFICE REGION"
"RDD","BASILDON AND THURROCK UNIVERSITY HOSPITALS NHS FOUNDATION TRUST","NHS TRUST","HOSPICE|FOUNDATION TRUST","SS16 5NL","100091590497","620","ESSEX COUNTY COUNCIL","QH8","NHS MID AND SOUTH ESSEX INTEGRATED CARE BOARD","Y61","EAST OF ENGLAND COMMISSIONING REGION","G","EAST OF ENGLAND GOVERNMENT OFFICE REGION"
"RC1","BEDFORD HOSPITAL NHS TRUST","NHS TRUST","HOSPICE","MK42 9DJ","100081210845","625","BEDFORD BOROUGH COUNCIL","QHG","NHS BEDFORDSHIRE, LUTON AND MILTON KEYNES INTEGRATED CARE BOARD","Y61","EAST OF ENGLAND COMMISSIONING REGION","G","EAST OF ENGLAND GOVERNMENT OFFICE REGION"
"RC9","BEDFORDSHIRE HOSPITALS NHS FOUNDATION TRUST","NHS TRUST","HOSPICE|FOUNDATION TRUST","LU4 0DZ","100081331524","611","LUTON BOROUGH COUNCIL","QHG","NHS BEDFORDSHIRE, LUTON AND MILTON KEYNES INTEGRATED CARE BOARD","Y61","EAST OF ENGLAND COMMISSIONING REGION","G","EAST OF ENGLAND GOVERNMENT OFFICE REGION"
"RWX","BERKSHIRE HEALTHCARE NHS FOUNDATION TRUST","NHS TRUST","FOUNDATION TRUST","RG12 2UT","200000330653","614","BRACKNELL FOREST COUNCIL","QNQ","NHS FRIMLEY INTEGRATED CARE BOARD","Y59","SOUTH EAST COMMISSIONING REGION","J","SOUTH EAST GOVERNMENT OFFICE REGION"
"RXT","BIRMINGHAM AND SOLIHULL MENTAL HEALTH NHS FOUNDATION TRUST","NHS TRUST","FOUNDATION TRUST","B13 8QY","100071423845","406","BIRMINGHAM CITY COUNCIL","QHL","NHS BIRMINGHAM AND SOLIHULL INTEGRATED CARE BOARD","Y60","MIDLANDS COMMISSIONING REGION","F","WEST MIDLANDS GOVERNMENT OFFICE REGION"
"RYW","BIRMINGHAM COMMUNITY HEALTHCARE NHS FOUNDATION TRUST","NHS TRUST","FOUNDATION TRUST","B7 4BN","200001483837","406","BIRMINGHAM CITY COUNCIL","QHL","NHS BIRMINGHAM AND SOLIHULL INTEGRATED CARE BOARD","Y60","MIDLANDS COMMISSIONING REGION","F","WEST MIDLANDS GOVERNMENT OFFICE REGION"
"RQ3","BIRMINGHAM WOMEN'S AND CHILDREN'S NHS FOUNDATION TRUST","NHS TRUST","HOSPICE|FOUNDATION TRUST","B4 6NH","100071462054","406","BIRMINGHAM CITY COUNCIL","QHL","NHS BIRMINGHAM AND SOLIHULL INTEGRATED CARE BOARD","Y60","MIDLANDS COMMISSIONING REGION","F","WEST MIDLANDS GOVERNMENT OFFICE REGION"
"RLU","BIRMINGHAM WOMEN'S NHS FOUNDATION TRUST","NHS TRUST","FOUNDATION TRUST","B15 2TG","100071429339","406","BIRMINGHAM CITY COUNCIL","QHL","NHS BIRMINGHAM AND SOLIHULL INTEGRATED CARE BOARD","Y60","MIDLANDS COMMISSIONING REGION","F","WEST MIDLANDS GOVERNMENT OFFICE REGION"
"RXL","BLACKPOOL TEACHING HOSPITALS NHS FOUNDATION TRUST","NHS TRUST","FOUNDATION TRUST","FY3 8NR","10000871697","325","BLACKPOOL BOROUGH COUNCIL","QE1","NHS LANCASHIRE AND SOUTH CUMBRIA INTEGRATED CARE BOARD","Y62","NORTH WEST COMMISSIONING REGION","B","NORTH WEST GOVERNMENT OFFICE REGION"
"RMC","BOLTON NHS FOUNDATION TRUST","NHS TRUST","HOSPICE|FOUNDATION TRUST","BL4 0JR","200002563317","304","BOLTON METROPOLITAN BOROUGH COUNCIL","QOP","NHS GREATER MANCHESTER INTEGRATED CARE BOARD","Y62","NORTH WEST COMMISSIONING REGION","B","NORTH WEST GOVERNMENT OFFICE REGION"
"RAE","BRADFORD TEACHING HOSPITALS NHS FOUNDATION TRUST","NHS TRUST","HOSPICE|FOUNDATION TRUST","BD9 6RJ","100051155784","209","CITY OF BRADFORD METROPOLITAN DISTRICT COUNCIL","QWO","NHS WEST YORKSHIRE INTEGRATED CARE BOARD","Y63","NORTH EAST AND YORKSHIRE COMMISSIONING REGION","D","YORKSHIRE & THE HUMBER GOVERNMENT OFFICE REGION"
"RY2","BRIDGEWATER COMMUNITY HEALTHCARE NHS FOUNDATION TRUST","NHS TRUST","FOUNDATION TRUST","WA3 7PG","10008652313","322","WARRINGTON BOROUGH COUNCIL","QYG","NHS CHESHIRE AND MERSEYSIDE INTEGRATED CARE BOARD","Y62","NORTH WEST COMMISSIONING REGION","B","NORTH WEST GOVERNMENT OFFICE REGION"
"RXH","BRIGHTON AND SUSSEX UNIVERSITY HOSPITALS NHS TRUST","NHS TRUST","","BN2 5BE","22082402","816","BRIGHTON AND HOVE CITY COUNCIL","QNX","NHS SUSSEX INTEGRATED CARE BOARD","Y59","SOUTH EAST COMMISSIONING REGION","J","SOUTH EAST GOVERNMENT OFFICE REGION"
"RXQ","BUCKINGHAMSHIRE HEALTHCARE NHS TRUST","NHS TRUST","","HP7 0JD","100081328830","916","BUCKINGHAMSHIRE COUNCIL","QU9","NHS BUCKINGHAMSHIRE, OXFORDSHIRE AND BERKSHIRE WEST INTEGRATED CARE BOARD","Y59","SOUTH EAST COMMISSIONING REGION","J","SOUTH EAST GOVERNMENT OFFICE REGION"
"RJF","BURTON HOSPITALS NHS FOUNDATION TRUST","NHS TRUST","HOSPICE|FOUNDATION TRUST","DE13 0RB","100032001977","413","STAFFORDSHIRE COUNTY COUNCIL","QNC","NHS STAFFORDSHIRE AND STOKE-ON-TRENT INTEGRATED CARE BOARD","Y60","MIDLANDS COMMISSIONING REGION","F","WEST MIDLANDS GOVERNMENT OFFICE REGION"
"RWY","CALDERDALE AND HUDDERSFIELD NHS FOUNDATION TRUST","NHS TRUST","FOUNDATION TRUST","HD3 3EA","83034315","211","KIRKLEES COUNCIL","QWO","NHS WEST YORKSHIRE INTEGRATED CARE BOARD","Y63","NORTH EAST AND YORKSHIRE COMMISSIONING REGION","D","YORKSHIRE & THE HUMBER GOVERNMENT OFFICE REGION"
"RGT","CAMBRIDGE UNIVERSITY HOSPITALS NHS FOUNDATION TRUST","NHS TRUST","HOSPICE|FOUNDATION TRUST|MEDICINE SUPPLIER","CB2 0QQ","200004215795","623","CAMBRIDGESHIRE COUNTY COUNCIL","QUE","NHS CAMBRIDGESHIRE AND PETERBOROUGH INTEGRATED CARE BOARD","Y61","EAST OF ENGLAND COMMISSIONING REGION","G","EAST OF ENGLAND GOVERNMENT OFFICE REGION"
"RT1","CAMBRIDGESHIRE AND PETERBOROUGH NHS FOUNDATION TRUST","NHS TRUST","FOUNDATION TRUST","CB21 5EF","100091410393","623","CAMBRIDGESHIRE COUNTY COUNCIL","QUE","NHS CAMBRIDGESHIRE AND PETERBOROUGH INTEGRATED CARE BOARD","Y61","EAST OF ENGLAND COMMISSIONING REGION","G","EAST OF ENGLAND GOVERNMENT OFFICE REGION"
"RYV","CAMBRIDGESHIRE COMMUNITY SERVICES NHS TRUST","NHS TRUST","","PE27 4LG","10000151731","623","CAMBRIDGESHIRE COUNTY COUNCIL","QUE","NHS CAMBRIDGESHIRE AND PETERBOROUGH INTEGRATED CARE BOARD","Y61","EAST OF ENGLAND COMMISSIONING REGION","G","EAST OF ENGLAND GOVERNMENT OFFICE REGION"
"RV3","CENTRAL AND NORTH WEST LONDON NHS FOUNDATION TRUST","NHS TRUST","FOUNDATION TRUST","NW1 3AX","5192658","702","LONDON BOROUGH OF CAMDEN","QMJ","NHS NORTH CENTRAL LONDON INTEGRATED CARE BOARD","Y56","LONDON COMMISSIONING REGION","H","LONDON GOVERNMENT OFFICE REGION"
"RYX","CENTRAL LONDON COMMUNITY HEALTHCARE NHS TRUST","NHS TRUST","","NW1 5JD","10033538203","713","CITY OF WESTMINSTER","QRV","NHS NORTH WEST LONDON INTEGRATED CARE BOARD","Y56","LONDON COMMISSIONING REGION","H","LONDON GOVERNMENT OFFICE REGION"
"RW3","CENTRAL MANCHESTER UNIVERSITY HOSPITALS NHS FOUNDATION TRUST","NHS TRUST","FOUNDATION TRUST","M13 9WL","","306","MANCHESTER CITY COUNCIL","QOP","NHS GREATER MANCHESTER INTEGRATED CARE BOARD","Y62","NORTH WEST COMMISSIONING REGION","B","NORTH WEST GOVERNMENT OFFICE REGION"
"RQM","CHELSEA AND WESTMINSTER HOSPITAL NHS FOUNDATION TRUST","NHS TRUST","HOSPICE|FOUNDATION TRUST","SW10 9NH","217117866","707","ROYAL BOROUGH OF KENSINGTON AND CHELSEA","QRV","NHS NORTH WEST LONDON INTEGRATED CARE BOARD","Y56","LONDON COMMISSIONING REGION","H","LONDON GOVERNMENT OFFICE REGION"
"RXA","CHESHIRE AND WIRRAL PARTNERSHIP NHS FOUNDATION TRUST","NHS TRUST","FOUNDATION TRUST","CH2 1BQ","10012220485","327","CHESHIRE WEST AND CHESTER COUNCIL","QYG","NHS CHESHIRE AND MERSEYSIDE INTEGRATED CARE BOARD","Y62","NORTH WEST COMMISSIONING REGION","B","NORTH WEST GOVERNMENT OFFICE REGION"
"RFS","CHESTERFIELD ROYAL HOSPITAL NHS FOUNDATION TRUST","NHS TRUST","HOSPICE|FOUNDATION TRUST","S44 5BL","74078658","506","DERBYSHIRE COUNTY COUNCIL","QJ2","NHS DERBY AND DERBYSHIRE INTEGRATED CARE BOARD","Y60","MIDLANDS COMMISSIONING REGION","E","EAST MIDLANDS GOVERNMENT OFFICE REGION"
"RJ8","CORNWALL PARTNERSHIP NHS FOUNDATION TRUST","NHS TRUST","FOUNDATION TRUST","PL31 2QN","","902","CORNWALL COUNCIL","QT6","NHS CORNWALL AND THE ISLES OF SCILLY INTEGRATED CARE BOARD","Y58","SOUTH WEST COMMISSIONING REGION","K","SOUTH WEST GOVERNMENT OFFICE REGION"
"RJR","COUNTESS OF CHESTER HOSPITAL NHS FOUNDATION TRUST","NHS TRUST","FOUNDATION TRUST","CH2 1UL","200000825928","327","CHESHIRE WEST AND CHESTER COUNCIL","QYG","NHS CHESHIRE AND MERSEYSIDE INTEGRATED CARE BOARD","Y62","NORTH WEST COMMISSIONING REGION","B","NORTH WEST GOVERNMENT OFFICE REGION"
"RXP","COUNTY DURHAM AND DARLINGTON NHS FOUNDATION TRUST","NHS TRUST","FOUNDATION TRUST","DL3 6HX","200002723662","117","DARLINGTON BOROUGH COUNCIL","QHM","NHS NORTH EAST AND NORTH CUMBRIA INTEGRATED CARE BOARD","Y63","NORTH EAST AND YORKSHIRE COMMISSIONING REGION","A","NORTH EAST GOVERNMENT OFFICE REGION"
"RYG","COVENTRY AND WARWICKSHIRE PARTNERSHIP NHS TRUST","NHS TRUST","","CV6 6NY","10023032365","407","COVENTRY CITY COUNCIL","QWU","NHS COVENTRY AND WARWICKSHIRE INTEGRATED CARE BOARD","Y60","MIDLANDS COMMISSIONING REGION","F","WEST MIDLANDS GOVERNMENT OFFICE REGION"
"RJ6","CROYDON HEALTH SERVICES NHS TRUST","NHS TRUST","HOSPICE","CR7 7YE","200001185795","721","LONDON BOROUGH OF CROYDON","QWE","NHS SOUTH WEST LONDON INTEGRATED CARE BOARD","Y56","LONDON COMMISSIONING REGION","H","LONDON GOVERNMENT OFFICE REGION"
"RX4","CUMBRIA, NORTHUMBERLAND, TYNE AND WEAR NHS FOUNDATION TRUST","NHS TRUST","FOUNDATION TRUST","NE3 3XT","","107","NEWCASTLE CITY COUNCIL","QHM","NHS NORTH EAST AND NORTH CUMBRIA INTEGRATED CARE BOARD","Y63","NORTH EAST AND YORKSHIRE COMMISSIONING REGION","A","NORTH EAST GOVERNMENT OFFICE REGION"
"RN7","DARTFORD AND GRAVESHAM NHS TRUST","NHS TRUST","","DA2 8DA","200000544153","820","KENT COUNTY COUNCIL","QKS","NHS KENT AND MEDWAY INTEGRATED CARE BOARD","Y59","SOUTH EAST COMMISSIONING REGION","J","SOUTH EAST GOVERNMENT OFFICE REGION"
"RY8","DERBYSHIRE COMMUNITY HEALTH SERVICES NHS FOUNDATION TRUST","NHS TRUST","FOUNDATION TRUST","S42 7JE","10034037129","506","DERBYSHIRE COUNTY COUNCIL","QJ2","NHS DERBY AND DERBYSHIRE INTEGRATED CARE BOARD","Y60","MIDLANDS COMMISSIONING REGION","E","EAST MIDLANDS GOVERNMENT OFFICE REGION"
"RXM","DERBYSHIRE HEALTHCARE NHS FOUNDATION TRUST","NHS TRUST","FOUNDATION TRUST|MEDICINE SUPPLIER","DE22 3LZ","100032007023","507","DERBY CITY COUNCIL","QJ2","NHS DERBY AND DERBYSHIRE INTEGRATED CARE BOARD","Y60","MIDLANDS COMMISSIONING REGION","E","EAST MIDLANDS GOVERNMENT OFFICE REGION"
"RWV","DEVON PARTNERSHIP NHS TRUST","NHS TRUST","","EX2 5AF","100041044624","912","DEVON COUNTY COUNCIL","QJK","NHS DEVON INTEGRATED CARE BOARD","Y58","SOUTH WEST COMMISSIONING REGION","K","SOUTH WEST GOVERNMENT OFFICE REGION"
"RP5","DONCASTER AND BASSETLAW TEACHING HOSPITALS NHS FOUNDATION TRUST","NHS TRUST","FOUNDATION TRUST","DN2 5LT","10006580750","205","DONCASTER METROPOLITAN BOROUGH COUNCIL","QF7","NHS SOUTH YORKSHIRE INTEGRATED CARE BOARD","Y63","NORTH EAST AND YORKSHIRE COMMISSIONING REGION","D","YORKSHIRE & THE HUMBER GOVERNMENT OFFICE REGION"
"RBD","DORSET COUNTY HOSPITAL NHS FOUNDATION TRUST","NHS TRUST","HOSPICE|FOUNDATION TRUST","DT1 2JY","200000755531","809","DORSET COUNCIL","QVV","NHS DORSET INTEGRATED CARE BOARD","Y58","SOUTH WEST COMMISSIONING REGION","K","SOUTH WEST GOVERNMENT OFFICE REGION"
"RDY","DORSET HEALTHCARE UNIVERSITY NHS FOUNDATION TRUST","NHS TRUST","HOSPICE|FOUNDATION TRUST","BH17 0RB","","738","BCP COUNCIL","QVV","NHS DORSET INTEGRATED CARE BOARD","Y58","SOUTH WEST COMMISSIONING REGION","K","SOUTH WEST GOVERNMENT OFFICE REGION"
"RYK","DUDLEY INTEGRATED HEALTH AND CARE NHS TRUST","NHS TRUST","","DY5 1RU","90204901","408","DUDLEY METROPOLITAN BOROUGH COUNCIL","QUA","NHS BLACK COUNTRY INTEGRATED CARE BOARD","Y60","MIDLANDS COMMISSIONING REGION","F","WEST MIDLANDS GOVERNMENT OFFICE REGION"
"RC3","EALING HOSPITAL NHS TRUST","NHS TRUST","HOSPICE","UB1 3HW","12001075","722","LONDON BOROUGH OF EALING","QRV","NHS NORTH WEST LONDON INTEGRATED CARE BOARD","Y56","LONDON COMMISSIONING REGION","H","LONDON GOVERNMENT OFFICE REGION"
"RWH","EAST AND NORTH HERTFORDSHIRE TEACHING NHS TRUST","NHS TRUST","","SG1 4AB","","606","HERTFORDSHIRE COUNTY COUNCIL","QM7","NHS HERTFORDSHIRE AND WEST ESSEX INTEGRATED CARE BOARD","Y61","EAST OF ENGLAND COMMISSIONING REGION","G","EAST OF ENGLAND GOVERNMENT OFFICE REGION"
"RJN","EAST CHESHIRE NHS TRUST","NHS TRUST","HOSPICE","SK10 3BL","100012771060","326","CHESHIRE EAST COUNCIL","QYG","NHS CHESHIRE AND MERSEYSIDE INTEGRATED CARE BOARD","Y62","NORTH WEST COMMISSIONING REGION","B","NORTH WEST GOVERNMENT OFFICE REGION"
"RVV","EAST KENT HOSPITALS UNIVERSITY NHS FOUNDATION TRUST","NHS TRUST","FOUNDATION TRUST","CT1 3NG","100062280103","820","KENT COUNTY COUNCIL","QKS","NHS KENT AND MEDWAY INTEGRATED CARE BOARD","Y59","SOUTH EAST COMMISSIONING REGION","J","SOUTH EAST GOVERNMENT OFFICE REGION"
"RXR","EAST LANCASHIRE HOSPITALS NHS TRUST","NHS TRUST","","BB2 3HH","100012540739","324","BLACKBURN WITH DARWEN BOROUGH COUNCIL","QE1","NHS LANCASHIRE AND SOUTH CUMBRIA INTEGRATED CARE BOARD","Y62","NORTH WEST COMMISSIONING REGION","B","NORTH WEST GOVERNMENT OFFICE REGION"
"RWK","EAST LONDON NHS FOUNDATION TRUST","NHS TRUST","FOUNDATION TRUST","E1 8DE","","711","LONDON BOROUGH OF TOWER HAMLETS","QMF","NHS NORTH EAST LONDON INTEGRATED CARE BOARD","Y56","LONDON COMMISSIONING REGION","H","LONDON GOVERNMENT OFFICE REGION"
"RX9","EAST MIDLANDS AMBULANCE SERVICE NHS TRUST","NHS TRUST","","NG8 6PY","10034859112","512","NOTTINGHAM CITY COUNCIL","QT1","NHS NOTTINGHAM AND NOTTINGHAMSHIRE INTEGRATED CARE BOARD","Y60","MIDLANDS COMMISSIONING REGION","E","EAST MIDLANDS GOVERNMENT OFFICE REGION"
"RYC","EAST OF ENGLAND AMBULANCE SERVICE NHS TRUST","NHS TRUST","","SG8 6NA","10033037149","623","CAMBRIDGESHIRE COUNTY COUNCIL","QUE","NHS CAMBRIDGESHIRE AND PETERBOROUGH INTEGRATED CARE BOARD","Y61","EAST OF ENGLAND COMMISSIONING REGION","G","EAST OF ENGLAND GOVERNMENT OFFICE REGION"
"RDE","EAST SUFFOLK AND NORTH ESSEX NHS FOUNDATION TRUST","NHS TRUST","FOUNDATION TRUST|MEDICINE SUPPLIER","CO4 5JL","100091645367","620","ESSEX COUNTY COUNCIL","QJG","NHS SUFFOLK AND NORTH EAST ESSEX INTEGRATED CARE BOARD","Y61","EAST OF ENGLAND COMMISSIONING REGION","G","EAST OF ENGLAND GOVERNMENT OFFICE REGION"
"RXC","EAST SUSSEX HEALTHCARE NHS TRUST","NHS TRUST","","TN37 7PT","10002504411","815","EAST SUSSEX COUNTY COUNCIL","QNX","NHS SUSSEX INTEGRATED CARE BOARD","Y59","SOUTH EAST COMMISSIONING REGION","J","SOUTH EAST GOVERNMENT OFFICE REGION"
"RVR","EPSOM AND ST HELIER UNIVERSITY HOSPITALS NHS TRUST","NHS TRUST","","SM5 1AA","5870054822","734","LONDON BOROUGH OF SUTTON","QWE","NHS SOUTH WEST LONDON INTEGRATED CARE BOARD","Y56","LONDON COMMISSIONING REGION","H","LONDON GOVERNMENT OFFICE REGION"
"R1L","ESSEX PARTNERSHIP UNIVERSITY NHS FOUNDATION TRUST","NHS TRUST","FOUNDATION TRUST","SS11 7XX","200004638510","620","ESSEX COUNTY COUNCIL","QH8","NHS MID AND SOUTH ESSEX INTEGRATED CARE BOARD","Y61","EAST OF ENGLAND COMMISSIONING REGION","G","EAST OF ENGLAND GOVERNMENT OFFICE REGION"
"RDU","FRIMLEY HEALTH NHS FOUNDATION TRUST","NHS TRUST","HOSPICE|FOUNDATION TRUST","GU16 7UJ","100062329311","805","SURREY COUNTY COUNCIL","QNQ","NHS FRIMLEY INTEGRATED CARE BOARD","Y59","SOUTH EAST COMMISSIONING REGION","J","SOUTH EAST GOVERNMENT OFFICE REGION"
"RR7","GATESHEAD HEALTH NHS FOUNDATION TRUST","NHS TRUST","FOUNDATION TRUST","NE9 6SX","100000529682","106","GATESHEAD METROPOLITAN BOROUGH COUNCIL","QHM","NHS NORTH EAST AND NORTH CUMBRIA INTEGRATED CARE BOARD","Y63","NORTH EAST AND YORKSHIRE COMMISSIONING REGION","A","NORTH EAST GOVERNMENT OFFICE REGION"
"RLT","GEORGE ELIOT HOSPITAL NHS TRUST","NHS TRUST","","CV10 7DJ","100071495026","404","WARWICKSHIRE COUNTY COUNCIL","QWU","NHS COVENTRY AND WARWICKSHIRE INTEGRATED CARE BOARD","Y60","MIDLANDS COMMISSIONING REGION","F","WEST MIDLANDS GOVERNMENT OFFICE REGION"
"R1J","GLOUCESTERSHIRE CARE SERVICES NHS TRUST","NHS TRUST","","GL3 4AW","","904","GLOUCESTERSHIRE COUNTY COUNCIL","QR1","NHS GLOUCESTERSHIRE INTEGRATED CARE BOARD","Y58","SOUTH WEST COMMISSIONING REGION","K","SOUTH WEST GOVERNMENT OFFICE REGION"
"RTQ","GLOUCESTERSHIRE HEALTH AND CARE NHS FOUNDATION TRUST","NHS TRUST","FOUNDATION TRUST","GL3 4AW","10067626544","904","GLOUCESTERSHIRE COUNTY COUNCIL","QR1","NHS GLOUCESTERSHIRE INTEGRATED CARE BOARD","Y58","SOUTH WEST COMMISSIONING REGION","K","SOUTH WEST GOVERNMENT OFFICE REGION"
"RTE","GLOUCESTERSHIRE HOSPITALS NHS FOUNDATION TRUST","NHS TRUST","FOUNDATION TRUST","GL53 7AN","200002678707","904","GLOUCESTERSHIRE COUNTY COUNCIL","QR1","NHS GLOUCESTERSHIRE INTEGRATED CARE BOARD","Y58","SOUTH WEST COMMISSIONING REGION","K","SOUTH WEST GOVERNMENT OFFICE REGION"
"RP4","GREAT ORMOND STREET HOSPITAL FOR CHILDREN NHS FOUNDATION TRUST","NHS TRUST","HOSPICE|FOUNDATION TRUST","WC1N 3JH","5090726","702","LONDON BOROUGH OF CAMDEN","QMJ","NHS NORTH CENTRAL LONDON INTEGRATED CARE BOARD","Y56","LONDON COMMISSIONING REGION","H","LONDON GOVERNMENT OFFICE REGION"
"RN3","GREAT WESTERN HOSPITALS NHS FOUNDATION TRUST","NHS TRUST","HOSPICE|FOUNDATION TRUST","SN3 6BB","10004845766","819","SWINDON BOROUGH COUNCIL","QOX","NHS BATH AND NORTH EAST SOMERSET, SWINDON AND WILTSHIRE INTEGRATED CARE BOARD","Y58","SOUTH WEST COMMISSIONING REGION","K","SOUTH WEST GOVERNMENT OFFICE REGION"
"RXV","GREATER MANCHESTER MENTAL HEALTH NHS FOUNDATION TRUST","NHS TRUST","FOUNDATION TRUST","M25 3BL","100012689272","305","BURY METROPOLITAN BOROUGH COUNCIL","QOP","NHS GREATER MANCHESTER INTEGRATED CARE BOARD","Y62","NORTH WEST COMMISSIONING REGION","B","NORTH WEST GOVERNMENT OFFICE REGION"
"RJ1","GUY'S AND ST THOMAS' NHS FOUNDATION TRUST","NHS TRUST","HOSPICE|FOUNDATION TRUST|MEDICINE SUPPLIER","SE1 7EH","100023572036","708","LONDON BOROUGH OF LAMBETH","QKK","NHS SOUTH EAST LONDON INTEGRATED CARE BOARD","Y56","LONDON COMMISSIONING REGION","H","LONDON GOVERNMENT OFFICE REGION"
"RQN","HAMMERSMITH HOSPITALS NHS TRUST","NHS TRUST","HOSPICE","W12 0HS","34020041","705","LONDON BOROUGH OF HAMMERSMITH & FULHAM","QRV","NHS NORTH WEST LONDON INTEGRATED CARE BOARD","Y56","LONDON COMMISSIONING REGION","H","LONDON GOVERNMENT OFFICE REGION"
"RW1","HAMPSHIRE AND ISLE OF WIGHT HEALTHCARE NHS FOUNDATION TRUST","NHS TRUST","FOUNDATION TRUST","SO40 2RZ","100062640151","812","HAMPSHIRE COUNTY COUNCIL","QRL","NHS HAMPSHIRE AND ISLE OF WIGHT INTEGRATED CARE BOARD","Y59","SOUTH EAST COMMISSIONING REGION","J","SOUTH EAST GOVERNMENT OFFICE REGION"
"RN5","HAMPSHIRE HOSPITALS NHS FOUNDATION TRUST","NHS TRUST","HOSPICE|FOUNDATION TRUST","RG24 9NA","","812","HAMPSHIRE COUNTY COUNCIL","QRL","NHS HAMPSHIRE AND ISLE OF WIGHT INTEGRATED CARE BOARD","Y59","SOUTH EAST COMMISSIONING REGION","J","SOUTH EAST GOVERNMENT OFFICE REGION"
"RCD","HARROGATE AND DISTRICT NHS FOUNDATION TRUST","NHS TRUST","HOSPICE|FOUNDATION TRUST","HG2 7SX","10003597440","218","NORTH YORKSHIRE COUNCIL","QOQ","NHS HUMBER AND NORTH YORKSHIRE INTEGRATED CARE BOARD","Y63","NORTH EAST AND YORKSHIRE COMMISSIONING REGION","D","YORKSHIRE & THE HUMBER GOVERNMENT OFFICE REGION"
"RR1","HEART OF ENGLAND NHS FOUNDATION TRUST","NHS TRUST","FOUNDATION TRUST","B9 5ST","100071488273","406","BIRMINGHAM CITY COUNCIL","QHL","NHS BIRMINGHAM AND SOLIHULL INTEGRATED CARE BOARD","Y60","MIDLANDS COMMISSIONING REGION","F","WEST MIDLANDS GOVERNMENT OFFICE REGION"
"RD7","HEATHERWOOD AND WEXHAM PARK HOSPITALS NHS FOUNDATION TRUST","NHS TRUST","FOUNDATION TRUST","SL2 4HL","200000848891","617","SLOUGH BOROUGH COUNCIL","QNQ","NHS FRIMLEY INTEGRATED CARE BOARD","Y59","SOUTH EAST COMMISSIONING REGION","J","SOUTH EAST GOVERNMENT OFFICE REGION"
"R1A","HEREFORDSHIRE AND WORCESTERSHIRE HEALTH AND CARE NHS TRUST","NHS TRUST","","WR5 1JR","10090442829","416","WORCESTERSHIRE COUNTY COUNCIL","QGH","NHS HEREFORDSHIRE AND WORCESTERSHIRE INTEGRATED CARE BOARD","Y60","MIDLANDS COMMISSIONING REGION","F","WEST MIDLANDS GOVERNMENT OFFICE REGION"
"RY4","HERTFORDSHIRE COMMUNITY NHS TRUST","NHS TRUST","","AL7 1BW","","606","HERTFORDSHIRE COUNTY COUNCIL","QM7","NHS HERTFORDSHIRE AND WEST ESSEX INTEGRATED CARE BOARD","Y61","EAST OF ENGLAND COMMISSIONING REGION","G","EAST OF ENGLAND GOVERNMENT OFFICE REGION"
"RWR","HERTFORDSHIRE PARTNERSHIP UNIVERSITY NHS FOUNDATION TRUST","NHS TRUST","FOUNDATION TRUST","AL10 8YE","10007553984","606","HERTFORDSHIRE COUNTY COUNCIL","QM7","NHS HERTFORDSHIRE AND WEST ESSEX INTEGRATED CARE BOARD","Y61","EAST OF ENGLAND COMMISSIONING REGION","G","EAST OF ENGLAND GOVERNMENT OFFICE REGION"
"RQX","HOMERTON HEALTHCARE NHS FOUNDATION TRUST","NHS TRUST","HOSPICE|FOUNDATION TRUST","E9 6SR","10008242319","704","LONDON BOROUGH OF HACKNEY","QMF","NHS NORTH EAST LONDON INTEGRATED CARE BOARD","Y56","LONDON COMMISSIONING REGION","H","LONDON GOVERNMENT OFFICE REGION"
"RY9","HOUNSLOW AND RICHMOND COMMUNITY HEALTHCARE NHS TRUST","NHS TRUST","","TW11 8HU","10002264302","733","LONDON BOROUGH OF RICHMOND UPON THAMES","QWE","NHS SOUTH WEST LONDON INTEGRATED CARE BOARD","Y56","LONDON COMMISSIONING REGION","H","LONDON GOVERNMENT OFFICE REGION"
"RWA","HULL UNIVERSITY TEACHING HOSPITALS NHS TRUST","NHS TRUST","","HU3 2JZ","21113610","215","HULL CITY COUNCIL","QOQ","NHS HUMBER AND NORTH YORKSHIRE INTEGRATED CARE BOARD","Y63","NORTH EAST AND YORKSHIRE COMMISSIONING REGION","D","YORKSHIRE & THE HUMBER GOVERNMENT OFFICE REGION"
"RV9","HUMBER TEACHING NHS FOUNDATION TRUST","NHS TRUST","FOUNDATION TRUST","HU10 6ED","200000641045","214","EAST RIDING OF YORKSHIRE COUNCIL","QOQ","NHS HUMBER AND NORTH YORKSHIRE INTEGRATED CARE BOARD","Y63","NORTH EAST AND YORKSHIRE COMMISSIONING REGION","D","YORKSHIRE & THE HUMBER GOVERNMENT OFFICE REGION"
"RYJ","IMPERIAL COLLEGE HEALTHCARE NHS TRUST","NHS TRUST","HOSPICE","W2 1BL","100023476722","713","CITY OF WESTMINSTER","QRV","NHS NORTH WEST LONDON INTEGRATED CARE BOARD","Y56","LONDON COMMISSIONING REGION","H","LONDON GOVERNMENT OFFICE REGION"
"RGQ","IPSWICH HOSPITAL NHS TRUST","NHS TRUST","HOSPICE","IP4 5PD","10004566607","609","SUFFOLK COUNTY COUNCIL","QJG","NHS SUFFOLK AND NORTH EAST ESSEX INTEGRATED CARE BOARD","Y61","EAST OF ENGLAND COMMISSIONING REGION","G","EAST OF ENGLAND GOVERNMENT OFFICE REGION"
"R1F","ISLE OF WIGHT NHS TRUST","NHS TRUST","","PO30 5TG","10003316992","803","ISLE OF WIGHT COUNCIL","QRL","NHS HAMPSHIRE AND ISLE OF WIGHT INTEGRATED CARE BOARD","Y59","SOUTH EAST COMMISSIONING REGION","J","SOUTH EAST GOVERNMENT OFFICE REGION"
"RGP","JAMES PAGET UNIVERSITY HOSPITALS NHS FOUNDATION TRUST","NHS TRUST","HOSPICE|FOUNDATION TRUST","NR31 6LA","200004442749","607","NORFOLK COUNTY COUNCIL","QMM","NHS NORFOLK AND WAVENEY INTEGRATED CARE BOARD","Y61","EAST OF ENGLAND COMMISSIONING REGION","G","EAST OF ENGLAND GOVERNMENT OFFICE REGION"
"RXY","KENT AND MEDWAY MENTAL HEALTH NHS TRUST","NHS TRUST","","ME16 9PH","200003696804","820","KENT COUNTY COUNCIL","QKS","NHS KENT AND MEDWAY INTEGRATED CARE BOARD","Y59","SOUTH EAST COMMISSIONING REGION","J","SOUTH EAST GOVERNMENT OFFICE REGION"
"RYY","KENT COMMUNITY HEALTH NHS FOUNDATION TRUST","NHS TRUST","FOUNDATION TRUST","TN25 4AZ","","820","KENT COUNTY COUNCIL","QKS","NHS KENT AND MEDWAY INTEGRATED CARE BOARD","Y59","SOUTH EAST COMMISSIONING REGION","J","SOUTH EAST GOVERNMENT OFFICE REGION"
"RNQ","KETTERING GENERAL HOSPITAL NHS FOUNDATION TRUST","NHS TRUST","FOUNDATION TRUST","NN16 8UZ","100032144449","Z9D4Z","NORTH NORTHAMPTONSHIRE COUNCIL","QPM","NHS NORTHAMPTONSHIRE INTEGRATED CARE BOARD","Y60","MIDLANDS COMMISSIONING REGION","E","EAST MIDLANDS GOVERNMENT OFFICE REGION"
"RJZ","KING'S COLLEGE HOSPITAL NHS FOUNDATION TRUST","NHS TRUST","HOSPICE|FOUNDATION TRUST","SE5 9RS","100023275065","708","LONDON BOROUGH OF LAMBETH","QKK","NHS SOUTH EAST LONDON INTEGRATED CARE BOARD","Y56","LONDON COMMISSIONING REGION","H","LONDON GOVERNMENT OFFICE REGION"
"RAX","KINGSTON AND RICHMOND NHS FOUNDATION TRUST","NHS TRUST","FOUNDATION TRUST","KT2 7QB","100023059215","729","ROYAL BOROUGH OF KINGSTON UPON THAMES","QWE","NHS SOUTH WEST LONDON INTEGRATED CARE BOARD","Y56","LONDON COMMISSIONING REGION","H","LONDON GOVERNMENT OFFICE REGION"
"RW5","LANCASHIRE & SOUTH CUMBRIA NHS FOUNDATION TRUST","NHS TRUST","FOUNDATION TRUST","PR5 6AW","10013247881","323","LANCASHIRE COUNTY COUNCIL","QE1","NHS LANCASHIRE AND SOUTH CUMBRIA INTEGRATED CARE BOARD","Y62","NORTH WEST COMMISSIONING REGION","B","NORTH WEST GOVERNMENT OFFICE REGION"
"RXN","LANCASHIRE TEACHING HOSPITALS NHS FOUNDATION TRUST","NHS TRUST","FOUNDATION TRUST","PR2 9HT","100012750544","323","LANCASHIRE COUNTY COUNCIL","QE1","NHS LANCASHIRE AND SOUTH CUMBRIA INTEGRATED CARE BOARD","Y62","NORTH WEST COMMISSIONING REGION","B","NORTH WEST GOVERNMENT OFFICE REGION"
"RGD","LEEDS AND YORK PARTNERSHIP NHS FOUNDATION TRUST","NHS TRUST","FOUNDATION TRUST","LS7 3JX","72194548","212","LEEDS CITY COUNCIL","QWO","NHS WEST YORKSHIRE INTEGRATED CARE BOARD","Y63","NORTH EAST AND YORKSHIRE COMMISSIONING REGION","D","YORKSHIRE & THE HUMBER GOVERNMENT OFFICE REGION"
"RY6","LEEDS COMMUNITY HEALTHCARE NHS TRUST","NHS TRUST","HOSPICE","LS11 0DL","","212","LEEDS CITY COUNCIL","QWO","NHS WEST YORKSHIRE INTEGRATED CARE BOARD","Y63","NORTH EAST AND YORKSHIRE COMMISSIONING REGION","D","YORKSHIRE & THE HUMBER GOVERNMENT OFFICE REGION"
"RR8","LEEDS TEACHING HOSPITALS NHS TRUST","NHS TRUST","","LS9 7TF","72016246","212","LEEDS CITY COUNCIL","QWO","NHS WEST YORKSHIRE INTEGRATED CARE BOARD","Y63","NORTH EAST AND YORKSHIRE COMMISSIONING REGION","D","YORKSHIRE & THE HUMBER GOVERNMENT OFFICE REGION"
"RT5","LEICESTERSHIRE PARTNERSHIP NHS TRUST","NHS TRUST","","LE3 8RA","","508","LEICESTERSHIRE COUNTY COUNCIL","QK1","NHS LEICESTER, LEICESTERSHIRE AND RUTLAND INTEGRATED CARE BOARD","Y60","MIDLANDS COMMISSIONING REGION","E","EAST MIDLANDS GOVERNMENT OFFICE REGION"
"RJ2","LEWISHAM AND GREENWICH NHS TRUST","NHS TRUST","HOSPICE","SE13 6LH","200000555448","709","LONDON BOROUGH OF LEWISHAM","QKK","NHS SOUTH EAST LONDON INTEGRATED CARE BOARD","Y56","LONDON COMMISSIONING REGION","H","LONDON GOVERNMENT OFFICE REGION"
"RY5","LINCOLNSHIRE COMMUNITY HEALTH SERVICES NHS TRUST","NHS TRUST","","LN5 7JH","","503","LINCOLNSHIRE COUNTY COUNCIL","QJM","NHS LINCOLNSHIRE INTEGRATED CARE BOARD","Y60","MIDLANDS COMMISSIONING REGION","E","EAST MIDLANDS GOVERNMENT OFFICE REGION"
"RP7","LINCOLNSHIRE PARTNERSHIP NHS FOUNDATION TRUST","NHS TRUST","FOUNDATION TRUST","LN1 1FS","235058864","503","LINCOLNSHIRE COUNTY COUNCIL","QJM","NHS LINCOLNSHIRE INTEGRATED CARE BOARD","Y60","MIDLANDS COMMISSIONING REGION","E","EAST MIDLANDS GOVERNMENT OFFICE REGION"
"RY1","LIVERPOOL COMMUNITY HEALTH NHS TRUST","NHS TRUST","","L13 1FB","","316","LIVERPOOL CITY COUNCIL","QYG","NHS CHESHIRE AND MERSEYSIDE INTEGRATED CARE BOARD","Y62","NORTH WEST COMMISSIONING REGION","B","NORTH WEST GOVERNMENT OFFICE REGION"
"RBQ","LIVERPOOL HEART AND CHEST HOSPITAL NHS FOUNDATION TRUST","NHS TRUST","FOUNDATION TRUST","L14 3PE","38150603","316","LIVERPOOL CITY COUNCIL","QYG","NHS CHESHIRE AND MERSEYSIDE INTEGRATED CARE BOARD","Y62","NORTH WEST COMMISSIONING REGION","B","NORTH WEST GOVERNMENT OFFICE REGION"
"REM","LIVERPOOL UNIVERSITY HOSPITALS NHS FOUNDATION TRUST","NHS TRUST","HOSPICE|FOUNDATION TRUST","L7 8XP","38120459","316","LIVERPOOL CITY COUNCIL","QYG","NHS CHESHIRE AND MERSEYSIDE INTEGRATED CARE BOARD","Y62","NORTH WEST COMMISSIONING REGION","B","NORTH WEST GOVERNMENT OFFICE REGION"
"REP","LIVERPOOL WOMEN'S NHS FOUNDATION TRUST","NHS TRUST","FOUNDATION TRUST","L8 7SS","38039333","316","LIVERPOOL CITY COUNCIL","QYG","NHS CHESHIRE AND MERSEYSIDE INTEGRATED CARE BOARD","Y62","NORTH WEST COMMISSIONING REGION","B","NORTH WEST GOVERNMENT OFFICE REGION"
"RRU","LONDON AMBULANCE SERVICE NHS TRUST","NHS TRUST","","SE1 8SD","100023226260","708","LONDON BOROUGH OF LAMBETH","QKK","NHS SOUTH EAST LONDON INTEGRATED CARE BOARD","Y56","LONDON COMMISSIONING REGION","H","LONDON GOVERNMENT OFFICE REGION"
"R1K","LONDON NORTH WEST UNIVERSITY HEALTHCARE NHS TRUST","NHS TRUST","MEDICINE SUPPLIER","HA1 3UJ","202026960","719","LONDON BOROUGH OF BRENT","QRV","NHS NORTH WEST LONDON INTEGRATED CARE BOARD","Y56","LONDON COMMISSIONING REGION","H","LONDON GOVERNMENT OFFICE REGION"
"RWF","MAIDSTONE AND TUNBRIDGE WELLS NHS TRUST","NHS TRUST","","ME16 9QQ","200003696803","820","KENT COUNTY COUNCIL","QKS","NHS KENT AND MEDWAY INTEGRATED CARE BOARD","Y59","SOUTH EAST COMMISSIONING REGION","J","SOUTH EAST GOVERNMENT OFFICE REGION"
"R0A","MANCHESTER UNIVERSITY NHS FOUNDATION TRUST","NHS TRUST","FOUNDATION TRUST","M13 9WL","77118466","306","MANCHESTER CITY COUNCIL","QOP","NHS GREATER MANCHESTER INTEGRATED CARE BOARD","Y62","NORTH WEST COMMISSIONING REGION","B","NORTH WEST GOVERNMENT OFFICE REGION"
"RPA","MEDWAY NHS FOUNDATION TRUST","NHS TRUST","FOUNDATION TRUST","ME7 5NY","100062395424","821","MEDWAY COUNCIL","QKS","NHS KENT AND MEDWAY INTEGRATED CARE BOARD","Y59","SOUTH EAST COMMISSIONING REGION","J","SOUTH EAST GOVERNMENT OFFICE REGION"
"RBN","MERSEY AND WEST LANCASHIRE TEACHING HOSPITALS NHS TRUST","NHS TRUST","HOSPICE","L35 5DR","40012845","315","KNOWSLEY METROPOLITAN BOROUGH COUNCIL","QYG","NHS CHESHIRE AND MERSEYSIDE INTEGRATED CARE BOARD","Y62","NORTH WEST COMMISSIONING REGION","B","NORTH WEST GOVERNMENT OFFICE REGION"
"RW4","MERSEY CARE NHS FOUNDATION TRUST","NHS TRUST","FOUNDATION TRUST","L34 1PJ","10091806420","315","KNOWSLEY METROPOLITAN BOROUGH COUNCIL","QYG","NHS CHESHIRE AND MERSEYSIDE INTEGRATED CARE BOARD","Y62","NORTH WEST COMMISSIONING REGION","B","NORTH WEST GOVERNMENT OFFICE REGION"
"RAJ","MID AND SOUTH ESSEX NHS FOUNDATION TRUST","NHS TRUST","FOUNDATION TRUST","SS0 0RY","10024164612","621","SOUTHEND-ON-SEA CITY COUNCIL","QH8","NHS MID AND SOUTH ESSEX INTEGRATED CARE BOARD","Y61","EAST OF ENGLAND COMMISSIONING REGION","G","EAST OF ENGLAND GOVERNMENT OFFICE REGION"
"RBT","MID CHESHIRE HOSPITALS NHS FOUNDATION TRUST","NHS TRUST","HOSPICE|FOUNDATION TRUST","CW1 4QJ","100012823668","326","CHESHIRE EAST COUNCIL","QYG","NHS CHESHIRE AND MERSEYSIDE INTEGRATED CARE BOARD","Y62","NORTH WEST COMMISSIONING REGION","B","NORTH WEST GOVERNMENT OFFICE REGION"
"RQ8","MID ESSEX HOSPITAL SERVICES NHS TRUST","NHS TRUST","HOSPICE","CM1 7ET","100091643865","620","ESSEX COUNTY COUNCIL","QH8","NHS MID AND SOUTH ESSEX INTEGRATED CARE BOARD","Y61","EAST OF ENGLAND COMMISSIONING REGION","G","EAST OF ENGLAND GOVERNMENT OFFICE REGION"
"RXF","MID YORKSHIRE TEACHING NHS TRUST","NHS TRUST","","WF1 4DG","63163184","213","WAKEFIELD METROPOLITAN DISTRICT COUNCIL","QWO","NHS WEST YORKSHIRE INTEGRATED CARE BOARD","Y63","NORTH EAST AND YORKSHIRE COMMISSIONING REGION","D","YORKSHIRE & THE HUMBER GOVERNMENT OFFICE REGION"
"RRE","MIDLANDS PARTNERSHIP UNIVERSITY NHS FOUNDATION TRUST","NHS TRUST","FOUNDATION TRUST","ST16 3SR","","413","STAFFORDSHIRE COUNTY COUNCIL","QNC","NHS STAFFORDSHIRE AND STOKE-ON-TRENT INTEGRATED CARE BOARD","Y60","MIDLANDS COMMISSIONING REGION","F","WEST MIDLANDS GOVERNMENT OFFICE REGION"
"RD8","MILTON KEYNES UNIVERSITY HOSPITAL NHS FOUNDATION TRUST","NHS TRUST","HOSPICE|FOUNDATION TRUST","MK6 5LD","25097921","613","MILTON KEYNES COUNCIL","QHG","NHS BEDFORDSHIRE, LUTON AND MILTON KEYNES INTEGRATED CARE BOARD","Y61","EAST OF ENGLAND COMMISSIONING REGION","J","SOUTH EAST GOVERNMENT OFFICE REGION"
"RP6","MOORFIELDS EYE HOSPITAL NHS FOUNDATION TRUST","NHS TRUST","FOUNDATION TRUST","EC1V 2PD","5300019990","706","LONDON BOROUGH OF ISLINGTON","QMJ","NHS NORTH CENTRAL LONDON INTEGRATED CARE BOARD","Y56","LONDON COMMISSIONING REGION","H","LONDON GOVERNMENT OFFICE REGION"
"RYH","NHS DIRECT NHS TRUST","NHS TRUST","","E1 8EU","6005845","711","LONDON BOROUGH OF TOWER HAMLETS","QMF","NHS NORTH EAST LONDON INTEGRATED CARE BOARD","Y56","LONDON COMMISSIONING REGION","H","LONDON GOVERNMENT OFFICE REGION"
"RM1","NORFOLK AND NORWICH UNIVERSITY HOSPITALS NHS FOUNDATION TRUST","NHS TRUST","HOSPICE|FOUNDATION TRUST","NR4 7UY","2630106468","607","NORFOLK COUNTY COUNCIL","QMM","NHS NORFOLK AND WAVENEY INTEGRATED CARE BOARD","Y61","EAST OF ENGLAND COMMISSIONING REGION","G","EAST OF ENGLAND GOVERNMENT OFFICE REGION"
"RMY","NORFOLK AND SUFFOLK NHS FOUNDATION TRUST","NHS TRUST","FOUNDATION TRUST","NR1 2DH","","607","NORFOLK COUNTY COUNCIL","QMM","NHS NORFOLK AND WAVENEY INTEGRATED CARE BOARD","Y61","EAST OF ENGLAND COMMISSIONING REGION","G","EAST OF ENGLAND GOVERNMENT OFFICE REGION"
"RY3","NORFOLK COMMUNITY HEALTH AND CARE NHS TRUST","NHS TRUST","","NR2 3TU","10009438808","607","NORFOLK COUNTY COUNCIL","QMM","NHS NORFOLK AND WAVENEY INTEGRATED CARE BOARD","Y61","EAST OF ENGLAND COMMISSIONING REGION","G","EAST OF ENGLAND GOVERNMENT OFFICE REGION"
"RVJ","NORTH BRISTOL NHS TRUST","NHS TRUST","","BS10 5NB","14373","909","BRISTOL CITY COUNCIL","QUY","NHS BRISTOL, NORTH SOMERSET AND SOUTH GLOUCESTERSHIRE INTEGRATED CARE BOARD","Y58","SOUTH WEST COMMISSIONING REGION","K","SOUTH WEST GOVERNMENT OFFICE REGION"
"RNN","NORTH CUMBRIA INTEGRATED CARE NHS FOUNDATION TRUST","NHS TRUST","FOUNDATION TRUST","CA2 7HY","10091762920","H6X4G","CUMBERLAND COUNCIL","QHM","NHS NORTH EAST AND NORTH CUMBRIA INTEGRATED CARE BOARD","Y63","NORTH EAST AND YORKSHIRE COMMISSIONING REGION","B","NORTH WEST GOVERNMENT OFFICE REGION"
"RNL","NORTH CUMBRIA UNIVERSITY HOSPITALS NHS TRUST","NHS TRUST","","CA2 7HY","","H6X4G","CUMBERLAND COUNCIL","QHM","NHS NORTH EAST AND NORTH CUMBRIA INTEGRATED CARE BOARD","Y63","NORTH EAST AND YORKSHIRE COMMISSIONING REGION","B","NORTH WEST GOVERNMENT OFFICE REGION"
"RX6","NORTH EAST AMBULANCE SERVICE NHS FOUNDATION TRUST","NHS TRUST","FOUNDATION TRUST","NE15 8NY","4510722041","107","NEWCASTLE CITY COUNCIL","QHM","NHS NORTH EAST AND NORTH CUMBRIA INTEGRATED CARE BOARD","Y63","NORTH EAST AND YORKSHIRE COMMISSIONING REGION","A","NORTH EAST GOVERNMENT OFFICE REGION"
"RAT","NORTH EAST LONDON NHS FOUNDATION TRUST","NHS TRUST","FOUNDATION TRUST","RM13 8GQ","10033426303","726","LONDON BOROUGH OF HAVERING","QMF","NHS NORTH EAST LONDON INTEGRATED CARE BOARD","Y56","LONDON COMMISSIONING REGION","H","LONDON GOVERNMENT OFFICE REGION"
"RRD","NORTH ESSEX PARTNERSHIP UNIVERSITY NHS FOUNDATION TRUST","NHS TRUST","FOUNDATION TRUST","CM2 0QX","","620","ESSEX COUNTY COUNCIL","QH8","NHS MID AND SOUTH ESSEX INTEGRATED CARE BOARD","Y61","EAST OF ENGLAND COMMISSIONING REGION","G","EAST OF ENGLAND GOVERNMENT OFFICE REGION"
"G6V2S","NORTH LONDON NHS FOUNDATION TRUST","NHS TRUST","FOUNDATION TRUST","NW1 0PE","5139737","702","LONDON BOROUGH OF CAMDEN","QMJ","NHS NORTH CENTRAL LONDON INTEGRATED CARE BOARD","Y56","LONDON COMMISSIONING REGION","H","LONDON GOVERNMENT OFFICE REGION"
"RAP","NORTH MIDDLESEX UNIVERSITY HOSPITAL NHS TRUST","NHS TRUST","","N18 1QX","207169107","723","LONDON BOROUGH OF ENFIELD","QMJ","NHS NORTH CENTRAL LONDON INTEGRATED CARE BOARD","Y56","LONDON COMMISSIONING REGION","H","LONDON GOVERNMENT OFFICE REGION"
"RLY","NORTH STAFFORDSHIRE COMBINED HEALTHCARE NHS TRUST","NHS TRUST","HOSPICE","ST4 8HH","3455123224","414","STOKE-ON-TRENT CITY COUNCIL","QNC","NHS STAFFORDSHIRE AND STOKE-ON-TRENT INTEGRATED CARE BOARD","Y60","MIDLANDS COMMISSIONING REGION","F","WEST MIDLANDS GOVERNMENT OFFICE REGION"
"RVW","NORTH TEES AND HARTLEPOOL NHS FOUNDATION TRUST","NHS TRUST","FOUNDATION TRUST","TS24 9AH","10091851453","111","HARTLEPOOL BOROUGH COUNCIL","QHM","NHS NORTH EAST AND NORTH CUMBRIA INTEGRATED CARE BOARD","Y63","NORTH EAST AND YORKSHIRE COMMISSIONING REGION","A","NORTH EAST GOVERNMENT OFFICE REGION"
"RX7","NORTH WEST AMBULANCE SERVICE NHS TRUST","NHS TRUST","","BL1 5DD","10001249175","304","BOLTON METROPOLITAN BOROUGH COUNCIL","QOP","NHS GREATER MANCHESTER INTEGRATED CARE BOARD","Y62","NORTH WEST COMMISSIONING REGION","B","NORTH WEST GOVERNMENT OFFICE REGION"
"RGN","NORTH WEST ANGLIA NHS FOUNDATION TRUST","NHS TRUST","HOSPICE|FOUNDATION TRUST","PE3 9GZ","100091525727","624","PETERBOROUGH CITY COUNCIL","QUE","NHS CAMBRIDGESHIRE AND PETERBOROUGH INTEGRATED CARE BOARD","Y61","EAST OF ENGLAND COMMISSIONING REGION","G","EAST OF ENGLAND GOVERNMENT OFFICE REGION"
"RV8","NORTH WEST LONDON HOSPITALS NHS TRUST","NHS TRUST","","HA1 3UJ","202026960","719","LONDON BOROUGH OF BRENT","QRV","NHS NORTH WEST LONDON INTEGRATED CARE BOARD","Y56","LONDON COMMISSIONING REGION","H","LONDON GOVERNMENT OFFICE REGION"
"RNS","NORTHAMPTON GENERAL HOSPITAL NHS TRUST","NHS TRUST","HOSPICE|MEDICINE SUPPLIER","NN1 5BD","15090671","U6Q5Z","WEST NORTHAMPTONSHIRE COUNCIL","QPM","NHS NORTHAMPTONSHIRE INTEGRATED CARE BOARD","Y60","MIDLANDS COMMISSIONING REGION","E","EAST MIDLANDS GOVERNMENT OFFICE REGION"
"RP1","NORTHAMPTONSHIRE HEALTHCARE NHS FOUNDATION TRUST","NHS TRUST","FOUNDATION TRUST","NN15 7PW","100032143826","Z9D4Z","NORTH NORTHAMPTONSHIRE COUNCIL","QPM","NHS NORTHAMPTONSHIRE INTEGRATED CARE BOARD","Y60","MIDLANDS COMMISSIONING REGION","E","EAST MIDLANDS GOVERNMENT OFFICE REGION"
"RM3","NORTHERN CARE ALLIANCE NHS FOUNDATION TRUST","NHS TRUST","FOUNDATION TRUST","M6 8HD","","309","SALFORD CITY COUNCIL","QOP","NHS GREATER MANCHESTER INTEGRATED CARE BOARD","Y62","NORTH WEST COMMISSIONING REGION","B","NORTH WEST GOVERNMENT OFFICE REGION"
"RJL","NORTHERN LINCOLNSHIRE AND GOOLE NHS FOUNDATION TRUST","NHS TRUST","FOUNDATION TRUST","DN33 2BA","11081882","216","NORTH EAST LINCOLNSHIRE COUNCIL","QOQ","NHS HUMBER AND NORTH YORKSHIRE INTEGRATED CARE BOARD","Y63","NORTH EAST AND YORKSHIRE COMMISSIONING REGION","D","YORKSHIRE & THE HUMBER GOVERNMENT OFFICE REGION"
"RTF","NORTHUMBRIA HEALTHCARE NHS FOUNDATION TRUST","NHS TRUST","FOUNDATION TRUST","NE29 8NH","47074492","108","NORTH TYNESIDE COUNCIL","QHM","NHS NORTH EAST AND NORTH CUMBRIA INTEGRATED CARE BOARD","Y63","NORTH EAST AND YORKSHIRE COMMISSIONING REGION","A","NORTH EAST GOVERNMENT OFFICE REGION"
"RX1","NOTTINGHAM UNIVERSITY HOSPITALS NHS TRUST","NHS TRUST","","NG7 2UH","200001412217","512","NOTTINGHAM CITY COUNCIL","QT1","NHS NOTTINGHAM AND NOTTINGHAMSHIRE INTEGRATED CARE BOARD","Y60","MIDLANDS COMMISSIONING REGION","E","EAST MIDLANDS GOVERNMENT OFFICE REGION"
"RHA","NOTTINGHAMSHIRE HEALTHCARE NHS FOUNDATION TRUST","NHS TRUST","FOUNDATION TRUST","NG3 6AA","100032118213","512","NOTTINGHAM CITY COUNCIL","QT1","NHS NOTTINGHAM AND NOTTINGHAMSHIRE INTEGRATED CARE BOARD","Y60","MIDLANDS COMMISSIONING REGION","E","EAST MIDLANDS GOVERNMENT OFFICE REGION"
"RBF","NUFFIELD ORTHOPAEDIC CENTRE NHS TRUST","NHS TRUST","","OX3 7LD","","608","OXFORDSHIRE COUNTY COUNCIL","QU9","NHS BUCKINGHAMSHIRE, OXFORDSHIRE AND BERKSHIRE WEST INTEGRATED CARE BOARD","Y59","SOUTH EAST COMMISSIONING REGION","J","SOUTH EAST GOVERNMENT OFFICE REGION"
"RNU","OXFORD HEALTH NHS FOUNDATION TRUST","NHS TRUST","FOUNDATION TRUST|MEDICINE SUPPLIER","OX4 4XN","10002762454","608","OXFORDSHIRE COUNTY COUNCIL","QU9","NHS BUCKINGHAMSHIRE, OXFORDSHIRE AND BERKSHIRE WEST INTEGRATED CARE BOARD","Y59","SOUTH EAST COMMISSIONING REGION","J","SOUTH EAST GOVERNMENT OFFICE REGION"
"RTH","OXFORD UNIVERSITY HOSPITALS NHS FOUNDATION TRUST","NHS TRUST","FOUNDATION TRUST","OX3 9DU","100121298340","608","OXFORDSHIRE COUNTY COUNCIL","QU9","NHS BUCKINGHAMSHIRE, OXFORDSHIRE AND BERKSHIRE WEST INTEGRATED CARE BOARD","Y59","SOUTH EAST COMMISSIONING REGION","J","SOUTH EAST GOVERNMENT OFFICE REGION"
"RPG","OXLEAS NHS FOUNDATION TRUST","NHS TRUST","FOUNDATION TRUST","DA2 7WG","200000533036","820","KENT COUNTY COUNCIL","QKS","NHS KENT AND MEDWAY INTEGRATED CARE BOARD","Y59","SOUTH EAST COMMISSIONING REGION","J","SOUTH EAST GOVERNMENT OFFICE REGION"
"RW6","PENNINE ACUTE HOSPITALS NHS TRUST","NHS TRUST","","M8 5RB","77009523","306","MANCHESTER CITY COUNCIL","QOP","NHS GREATER MANCHESTER INTEGRATED CARE BOARD","Y62","NORTH WEST COMMISSIONING REGION","B","NORTH WEST GOVERNMENT OFFICE REGION"
"RT2","PENNINE CARE NHS FOUNDATION TRUST","NHS TRUST","FOUNDATION TRUST","OL6 7SR","10091824335","311","TAMESIDE METROPOLITAN BOROUGH COUNCIL","QOP","NHS GREATER MANCHESTER INTEGRATED CARE BOARD","Y62","NORTH WEST COMMISSIONING REGION","B","NORTH WEST GOVERNMENT OFFICE REGION"
"RD3","POOLE HOSPITAL NHS FOUNDATION TRUST","NHS TRUST","HOSPICE|FOUNDATION TRUST","BH15 2JB","100041056131","738","BCP COUNCIL","QVV","NHS DORSET INTEGRATED CARE BOARD","Y58","SOUTH WEST COMMISSIONING REGION","K","SOUTH WEST GOVERNMENT OFFICE REGION"
"RHU","PORTSMOUTH HOSPITALS UNIVERSITY NHS TRUST","NHS TRUST","","PO6 3LY","1775098163","813","PORTSMOUTH CITY COUNCIL","QRL","NHS HAMPSHIRE AND ISLE OF WIGHT INTEGRATED CARE BOARD","Y59","SOUTH EAST COMMISSIONING REGION","J","SOUTH EAST GOVERNMENT OFFICE REGION"
"RYT","PUBLIC HEALTH WALES NHS TRUST","NHS TRUST","","CF10 4BZ","10093728970","052","CARDIFF UA","","","","","W","WALES GOVERNMENT OFFICE REGION"
"RPC","QUEEN VICTORIA HOSPITAL NHS FOUNDATION TRUST","NHS TRUST","FOUNDATION TRUST","RH19 3DZ","100062616507","807","WEST SUSSEX COUNTY COUNCIL","QNX","NHS SUSSEX INTEGRATED CARE BOARD","Y59","SOUTH EAST COMMISSIONING REGION","J","SOUTH EAST GOVERNMENT OFFICE REGION"
"RXE","ROTHERHAM DONCASTER AND SOUTH HUMBER NHS FOUNDATION TRUST","NHS TRUST","FOUNDATION TRUST","DN4 8QN","10006709715","205","DONCASTER METROPOLITAN BOROUGH COUNCIL","QF7","NHS SOUTH YORKSHIRE INTEGRATED CARE BOARD","Y63","NORTH EAST AND YORKSHIRE COMMISSIONING REGION","D","YORKSHIRE & THE HUMBER GOVERNMENT OFFICE REGION"
"RHW","ROYAL BERKSHIRE NHS FOUNDATION TRUST","NHS TRUST","HOSPICE|FOUNDATION TRUST","RG1 5AN","310046674","616","READING BOROUGH COUNCIL","QU9","NHS BUCKINGHAMSHIRE, OXFORDSHIRE AND BERKSHIRE WEST INTEGRATED CARE BOARD","Y59","SOUTH EAST COMMISSIONING REGION","J","SOUTH EAST GOVERNMENT OFFICE REGION"
"REF","ROYAL CORNWALL HOSPITALS NHS TRUST","NHS TRUST","","TR1 3LJ","10001213844","902","CORNWALL COUNCIL","QT6","NHS CORNWALL AND THE ISLES OF SCILLY INTEGRATED CARE BOARD","Y58","SOUTH WEST COMMISSIONING REGION","K","SOUTH WEST GOVERNMENT OFFICE REGION"
"RH8","ROYAL DEVON UNIVERSITY HEALTHCARE NHS FOUNDATION TRUST","NHS TRUST","FOUNDATION TRUST","EX2 5DW","100041044091","912","DEVON COUNTY COUNCIL","QJK","NHS DEVON INTEGRATED CARE BOARD","Y58","SOUTH WEST COMMISSIONING REGION","K","SOUTH WEST GOVERNMENT OFFICE REGION"
"RAL","ROYAL FREE LONDON NHS FOUNDATION TRUST","NHS TRUST","FOUNDATION TRUST|MEDICINE SUPPLIER","NW3 2QG","5087826","702","LONDON BOROUGH OF CAMDEN","QMJ","NHS NORTH CENTRAL LONDON INTEGRATED CARE BOARD","Y56","LONDON COMMISSIONING REGION","H","LONDON GOVERNMENT OFFICE REGION"
"RQ6","ROYAL LIVERPOOL AND BROADGREEN UNIVERSITY HOSPITALS NHS TRUST","NHS TRUST","HOSPICE","L7 8XP","38120459","316","LIVERPOOL CITY COUNCIL","QYG","NHS CHESHIRE AND MERSEYSIDE INTEGRATED CARE BOARD","Y62","NORTH WEST COMMISSIONING REGION","B","NORTH WEST GOVERNMENT OFFICE REGION"
"RAN","ROYAL NATIONAL ORTHOPAEDIC HOSPITAL NHS TRUST","NHS TRUST","","HA7 4LP","10000001177","725","LONDON BOROUGH OF HARROW","QRV","NHS NORTH WEST LONDON INTEGRATED CARE BOARD","Y56","LONDON COMMISSIONING REGION","H","LONDON GOVERNMENT OFFICE REGION"
"RGM","ROYAL PAPWORTH HOSPITAL NHS FOUNDATION TRUST","NHS TRUST","HOSPICE|FOUNDATION TRUST","CB2 0AY","10093698746","623","CAMBRIDGESHIRE COUNTY COUNCIL","QUE","NHS CAMBRIDGESHIRE AND PETERBOROUGH INTEGRATED CARE BOARD","Y61","EAST OF ENGLAND COMMISSIONING REGION","G","EAST OF ENGLAND GOVERNMENT OFFICE REGION"
"RA2","ROYAL SURREY NHS FOUNDATION TRUST","NHS TRUST","HOSPICE|FOUNDATION TRUST","GU2 7XX","100062331026","805","SURREY COUNTY COUNCIL","QXU","NHS SURREY HEARTLANDS INTEGRATED CARE BOARD","Y59","SOUTH EAST COMMISSIONING REGION","J","SOUTH EAST GOVERNMENT OFFICE REGION"
"RD1","ROYAL UNITED HOSPITALS BATH NHS FOUNDATION TRUST","NHS TRUST","HOSPICE|FOUNDATION TRUST","BA1 3NG","100121171714","908","BATH AND NORTH EAST SOMERSET COUNCIL","QOX","NHS BATH AND NORTH EAST SOMERSET, SWINDON AND WILTSHIRE INTEGRATED CARE BOARD","Y58","SOUTH WEST COMMISSIONING REGION","K","SOUTH WEST GOVERNMENT OFFICE REGION"
"RPR","ROYAL WEST SUSSEX NHS TRUST","NHS TRUST","HOSPICE","PO19 6SE","10008883780","807","WEST SUSSEX COUNTY COUNCIL","QNX","NHS SUSSEX INTEGRATED CARE BOARD","Y59","SOUTH EAST COMMISSIONING REGION","J","SOUTH EAST GOVERNMENT OFFICE REGION"
"RNZ","SALISBURY NHS FOUNDATION TRUST","NHS TRUST","HOSPICE|FOUNDATION TRUST","SP2 8BJ","100121333469","817","WILTSHIRE COUNCIL","QOX","NHS BATH AND NORTH EAST SOMERSET, SWINDON AND WILTSHIRE INTEGRATED CARE BOARD","Y58","SOUTH WEST COMMISSIONING REGION","K","SOUTH WEST GOVERNMENT OFFICE REGION"
"RXK","SANDWELL AND WEST BIRMINGHAM HOSPITALS NHS TRUST","NHS TRUST","","B66 2QT","10008758419","409","SANDWELL METROPOLITAN BOROUGH COUNCIL","QUA","NHS BLACK COUNTRY INTEGRATED CARE BOARD","Y60","MIDLANDS COMMISSIONING REGION","F","WEST MIDLANDS GOVERNMENT OFFICE REGION"
"RCC","SCARBOROUGH AND NORTH EAST YORKSHIRE HEALTH CARE NHS TRUST","NHS TRUST","HOSPICE","YO12 6QL","100052211189","218","NORTH YORKSHIRE COUNCIL","QOQ","NHS HUMBER AND NORTH YORKSHIRE INTEGRATED CARE BOARD","Y63","NORTH EAST AND YORKSHIRE COMMISSIONING REGION","D","YORKSHIRE & THE HUMBER GOVERNMENT OFFICE REGION"
"RCU","SHEFFIELD CHILDREN'S NHS FOUNDATION TRUST","NHS TRUST","HOSPICE|FOUNDATION TRUST","S10 2TH","100052218098","207","SHEFFIELD CITY COUNCIL","QF7","NHS SOUTH YORKSHIRE INTEGRATED CARE BOARD","Y63","NORTH EAST AND YORKSHIRE COMMISSIONING REGION","D","YORKSHIRE & THE HUMBER GOVERNMENT OFFICE REGION"
"RHQ","SHEFFIELD TEACHING HOSPITALS NHS FOUNDATION TRUST","NHS TRUST","FOUNDATION TRUST","S5 7AU","100050995915","207","SHEFFIELD CITY COUNCIL","QF7","NHS SOUTH YORKSHIRE INTEGRATED CARE BOARD","Y63","NORTH EAST AND YORKSHIRE COMMISSIONING REGION","D","YORKSHIRE & THE HUMBER GOVERNMENT OFFICE REGION"
"RK5","SHERWOOD FOREST HOSPITALS NHS FOUNDATION TRUST","NHS TRUST","FOUNDATION TRUST","NG17 4JL","100032103755","511","NOTTINGHAMSHIRE COUNTY COUNCIL","QT1","NHS NOTTINGHAM AND NOTTINGHAMSHIRE INTEGRATED CARE BOARD","Y60","MIDLANDS COMMISSIONING REGION","E","EAST MIDLANDS GOVERNMENT OFFICE REGION"
"R1D","SHROPSHIRE COMMUNITY HEALTH NHS TRUST","NHS TRUST","","SY2 6FG","","417","SHROPSHIRE COUNCIL","QOC","NHS SHROPSHIRE, TELFORD AND WREKIN INTEGRATED CARE BOARD","Y60","MIDLANDS COMMISSIONING REGION","F","WEST MIDLANDS GOVERNMENT OFFICE REGION"
"R1C","SOLENT NHS TRUST","NHS TRUST","","SO19 8BR","10090584677","814","SOUTHAMPTON CITY COUNCIL","QRL","NHS HAMPSHIRE AND ISLE OF WIGHT INTEGRATED CARE BOARD","Y59","SOUTH EAST COMMISSIONING REGION","J","SOUTH EAST GOVERNMENT OFFICE REGION"
"RH5","SOMERSET NHS FOUNDATION TRUST","NHS TRUST","FOUNDATION TRUST","TA1 5DA","10008800708","905","SOMERSET COUNCIL","QSL","NHS SOMERSET INTEGRATED CARE BOARD","Y58","SOUTH WEST COMMISSIONING REGION","K","SOUTH WEST GOVERNMENT OFFICE REGION"
"RYE","SOUTH CENTRAL AMBULANCE SERVICE NHS FOUNDATION TRUST","NHS TRUST","FOUNDATION TRUST","OX26 6HR","100121292031","608","OXFORDSHIRE COUNTY COUNCIL","QU9","NHS BUCKINGHAMSHIRE, OXFORDSHIRE AND BERKSHIRE WEST INTEGRATED CARE BOARD","Y59","SOUTH EAST COMMISSIONING REGION","J","SOUTH EAST GOVERNMENT OFFICE REGION"
"RYD","SOUTH EAST COAST AMBULANCE SERVICE NHS FOUNDATION TRUST","NHS TRUST","FOUNDATION TRUST","RH10 9BG","10024122204","807","WEST SUSSEX COUNTY COUNCIL","QNX","NHS SUSSEX INTEGRATED CARE BOARD","Y59","SOUTH EAST COMMISSIONING REGION","J","SOUTH EAST GOVERNMENT OFFICE REGION"
"RWN","SOUTH ESSEX PARTNERSHIP UNIVERSITY NHS FOUNDATION TRUST","NHS TRUST","FOUNDATION TRUST","SS11 7XX","200004638510","620","ESSEX COUNTY COUNCIL","QH8","NHS MID AND SOUTH ESSEX INTEGRATED CARE BOARD","Y61","EAST OF ENGLAND COMMISSIONING REGION","G","EAST OF ENGLAND GOVERNMENT OFFICE REGION"
"RV5","SOUTH LONDON AND MAUDSLEY NHS FOUNDATION TRUST","NHS TRUST","FOUNDATION TRUST","BR3 3BX","","720","LONDON BOROUGH OF BROMLEY","QKK","NHS SOUTH EAST LONDON INTEGRATED CARE BOARD","Y56","LONDON COMMISSIONING REGION","H","LONDON GOVERNMENT OFFICE REGION"
"RYQ","SOUTH LONDON HEALTHCARE NHS TRUST","NHS TRUST","","DA14 6LT","100022918973","718","LONDON BOROUGH OF BEXLEY","QKK","NHS SOUTH EAST LONDON INTEGRATED CARE BOARD","Y56","LONDON COMMISSIONING REGION","H","LONDON GOVERNMENT OFFICE REGION"
"RTR","SOUTH TEES HOSPITALS NHS FOUNDATION TRUST","NHS TRUST","FOUNDATION TRUST","TS4 3BW","100110788528","112","MIDDLESBROUGH BOROUGH COUNCIL","QHM","NHS NORTH EAST AND NORTH CUMBRIA INTEGRATED CARE BOARD","Y63","NORTH EAST AND YORKSHIRE COMMISSIONING REGION","A","NORTH EAST GOVERNMENT OFFICE REGION"
"R0B","SOUTH TYNESIDE AND SUNDERLAND NHS FOUNDATION TRUST","NHS TRUST","FOUNDATION TRUST","SR4 7TP","45070762","110","SUNDERLAND CITY COUNCIL","QHM","NHS NORTH EAST AND NORTH CUMBRIA INTEGRATED CARE BOARD","Y63","NORTH EAST AND YORKSHIRE COMMISSIONING REGION","A","NORTH EAST GOVERNMENT OFFICE REGION"
"RE9","SOUTH TYNESIDE NHS FOUNDATION TRUST","NHS TRUST","HOSPICE|FOUNDATION TRUST","NE34 0PL","100000506940","109","SOUTH TYNESIDE COUNCIL","QHM","NHS NORTH EAST AND NORTH CUMBRIA INTEGRATED CARE BOARD","Y63","NORTH EAST AND YORKSHIRE COMMISSIONING REGION","A","NORTH EAST GOVERNMENT OFFICE REGION"
"RJC","SOUTH WARWICKSHIRE UNIVERSITY NHS FOUNDATION TRUST","NHS TRUST","HOSPICE|FOUNDATION TRUST","CV34 5BW","100071510229","404","WARWICKSHIRE COUNTY COUNCIL","QWU","NHS COVENTRY AND WARWICKSHIRE INTEGRATED CARE BOARD","Y60","MIDLANDS COMMISSIONING REGION","F","WEST MIDLANDS GOVERNMENT OFFICE REGION"
"RQY","SOUTH WEST LONDON AND ST GEORGE'S MENTAL HEALTH NHS TRUST","NHS TRUST","","SW17 7DJ","100023322378","712","LONDON BOROUGH OF WANDSWORTH","QWE","NHS SOUTH WEST LONDON INTEGRATED CARE BOARD","Y56","LONDON COMMISSIONING REGION","H","LONDON GOVERNMENT OFFICE REGION"
"RXG","SOUTH WEST YORKSHIRE PARTNERSHIP NHS FOUNDATION TRUST","NHS TRUST","FOUNDATION TRUST","WF1 3SP","63154433","213","WAKEFIELD METROPOLITAN DISTRICT COUNCIL","QWO","NHS WEST YORKSHIRE INTEGRATED CARE BOARD","Y63","NORTH EAST AND YORKSHIRE COMMISSIONING REGION","D","YORKSHIRE & THE HUMBER GOVERNMENT OFFICE REGION"
"RYF","SOUTH WESTERN AMBULANCE SERVICE NHS FOUNDATION TRUST","NHS TRUST","FOUNDATION TRUST","EX2 7HY","","912","DEVON COUNTY COUNCIL","QJK","NHS DEVON INTEGRATED CARE BOARD","Y58","SOUTH WEST COMMISSIONING REGION","K","SOUTH WEST GOVERNMENT OFFICE REGION"
"RVY","SOUTHPORT AND ORMSKIRK HOSPITAL NHS TRUST","NHS TRUST","","PR8 6PN","41129124","317","SEFTON METROPOLITAN BOROUGH COUNCIL","QYG","NHS CHESHIRE AND MERSEYSIDE INTEGRATED CARE BOARD","Y62","NORTH WEST COMMISSIONING REGION","B","NORTH WEST GOVERNMENT OFFICE REGION"
"RJ7","ST GEORGE'S UNIVERSITY HOSPITALS NHS FOUNDATION TRUST","NHS TRUST","HOSPICE|FOUNDATION TRUST","SW17 0QT","100023321192","712","LONDON BOROUGH OF WANDSWORTH","QWE","NHS SOUTH WEST LONDON INTEGRATED CARE BOARD","Y56","LONDON COMMISSIONING REGION","H","LONDON GOVERNMENT OFFICE REGION"
"R1E","STAFFORDSHIRE AND STOKE ON TRENT PARTNERSHIP NHS TRUST","NHS TRUST","","ST5 1QG","","413","STAFFORDSHIRE COUNTY COUNCIL","QNC","NHS STAFFORDSHIRE AND STOKE-ON-TRENT INTEGRATED CARE BOARD","Y60","MIDLANDS COMMISSIONING REGION","F","WEST MIDLANDS GOVERNMENT OFFICE REGION"
"RWJ","STOCKPORT NHS FOUNDATION TRUST","NHS TRUST","FOUNDATION TRUST|MEDICINE SUPPLIER","SK2 7JE","100012482999","310","STOCKPORT METROPOLITAN BOROUGH COUNCIL","QOP","NHS GREATER MANCHESTER INTEGRATED CARE BOARD","Y62","NORTH WEST COMMISSIONING REGION","B","NORTH WEST GOVERNMENT OFFICE REGION"
"RXX","SURREY AND BORDERS PARTNERSHIP NHS FOUNDATION TRUST","NHS TRUST","FOUNDATION TRUST","KT22 7AD","100062604307","805","SURREY COUNTY COUNCIL","QXU","NHS SURREY HEARTLANDS INTEGRATED CARE BOARD","Y59","SOUTH EAST COMMISSIONING REGION","J","SOUTH EAST GOVERNMENT OFFICE REGION"
"RTP","SURREY AND SUSSEX HEALTHCARE NHS TRUST","NHS TRUST","","RH1 5RH","","805","SURREY COUNTY COUNCIL","QXU","NHS SURREY HEARTLANDS INTEGRATED CARE BOARD","Y59","SOUTH EAST COMMISSIONING REGION","J","SOUTH EAST GOVERNMENT OFFICE REGION"
"RDR","SUSSEX COMMUNITY NHS FOUNDATION TRUST","NHS TRUST","HOSPICE|FOUNDATION TRUST","BN2 3EW","22088627","816","BRIGHTON AND HOVE CITY COUNCIL","QNX","NHS SUSSEX INTEGRATED CARE BOARD","Y59","SOUTH EAST COMMISSIONING REGION","J","SOUTH EAST GOVERNMENT OFFICE REGION"
"RX2","SUSSEX PARTNERSHIP NHS FOUNDATION TRUST","NHS TRUST","FOUNDATION TRUST","BN13 3EP","200004018207","807","WEST SUSSEX COUNTY COUNCIL","QNX","NHS SUSSEX INTEGRATED CARE BOARD","Y59","SOUTH EAST COMMISSIONING REGION","J","SOUTH EAST GOVERNMENT OFFICE REGION"
"RMP","TAMESIDE AND GLOSSOP INTEGRATED CARE NHS FOUNDATION TRUST","NHS TRUST","HOSPICE|FOUNDATION TRUST","OL6 9RW","100012485136","311","TAMESIDE METROPOLITAN BOROUGH COUNCIL","QOP","NHS GREATER MANCHESTER INTEGRATED CARE BOARD","Y62","NORTH WEST COMMISSIONING REGION","B","NORTH WEST GOVERNMENT OFFICE REGION"
"RBA","TAUNTON AND SOMERSET NHS FOUNDATION TRUST","NHS TRUST","HOSPICE|FOUNDATION TRUST","TA1 5DA","10008800708","905","SOMERSET COUNCIL","QSL","NHS SOMERSET INTEGRATED CARE BOARD","Y58","SOUTH WEST COMMISSIONING REGION","K","SOUTH WEST GOVERNMENT OFFICE REGION"
"RNK","TAVISTOCK AND PORTMAN NHS FOUNDATION TRUST","NHS TRUST","FOUNDATION TRUST","NW3 5BA","5023739","702","LONDON BOROUGH OF CAMDEN","QMJ","NHS NORTH CENTRAL LONDON INTEGRATED CARE BOARD","Y56","LONDON COMMISSIONING REGION","H","LONDON GOVERNMENT OFFICE REGION"
"RX3","TEES, ESK AND WEAR VALLEYS NHS FOUNDATION TRUST","NHS TRUST","FOUNDATION TRUST","DL2 2TS","10003082063","117","DARLINGTON BOROUGH COUNCIL","QHM","NHS NORTH EAST AND NORTH CUMBRIA INTEGRATED CARE BOARD","Y63","NORTH EAST AND YORKSHIRE COMMISSIONING REGION","A","NORTH EAST GOVERNMENT OFFICE REGION"
"RBV","THE CHRISTIE NHS FOUNDATION TRUST","NHS TRUST","HOSPICE|FOUNDATION TRUST","M20 4BX","10012203949","306","MANCHESTER CITY COUNCIL","QOP","NHS GREATER MANCHESTER INTEGRATED CARE BOARD","Y62","NORTH WEST COMMISSIONING REGION","B","NORTH WEST GOVERNMENT OFFICE REGION"
"REN","THE CLATTERBRIDGE CANCER CENTRE NHS FOUNDATION TRUST","NHS TRUST","FOUNDATION TRUST","CH63 4JY","42025551","319","WIRRAL BOROUGH COUNCIL","QYG","NHS CHESHIRE AND MERSEYSIDE INTEGRATED CARE BOARD","Y62","NORTH WEST COMMISSIONING REGION","B","NORTH WEST GOVERNMENT OFFICE REGION"
"RNA","THE DUDLEY GROUP NHS FOUNDATION TRUST","NHS TRUST","FOUNDATION TRUST","DY1 2HQ","90158581","408","DUDLEY METROPOLITAN BOROUGH COUNCIL","QUA","NHS BLACK COUNTRY INTEGRATED CARE BOARD","Y60","MIDLANDS COMMISSIONING REGION","F","WEST MIDLANDS GOVERNMENT OFFICE REGION"
"RAS","THE HILLINGDON HOSPITALS NHS FOUNDATION TRUST","NHS TRUST","FOUNDATION TRUST","UB8 3NN","100023422886","727","LONDON BOROUGH OF HILLINGDON","QRV","NHS NORTH WEST LONDON INTEGRATED CARE BOARD","Y56","LONDON COMMISSIONING REGION","H","LONDON GOVERNMENT OFFICE REGION"
"RTD","THE NEWCASTLE UPON TYNE HOSPITALS NHS FOUNDATION TRUST","NHS TRUST","FOUNDATION TRUST|MEDICINE SUPPLIER","NE7 7DN","4510115978","107","NEWCASTLE CITY COUNCIL","QHM","NHS NORTH EAST AND NORTH CUMBRIA INTEGRATED CARE BOARD","Y63","NORTH EAST AND YORKSHIRE COMMISSIONING REGION","A","NORTH EAST GOVERNMENT OFFICE REGION"
"RQW","THE PRINCESS ALEXANDRA HOSPITAL NHS TRUST","NHS TRUST","","CM20 1QX","10003715440","620","ESSEX COUNTY COUNCIL","QM7","NHS HERTFORDSHIRE AND WEST ESSEX INTEGRATED CARE BOARD","Y61","EAST OF ENGLAND COMMISSIONING REGION","G","EAST OF ENGLAND GOVERNMENT OFFICE REGION"
"RCX","THE QUEEN ELIZABETH HOSPITAL, KING'S LYNN, NHS FOUNDATION TRUST","NHS TRUST","HOSPICE|FOUNDATION TRUST","PE30 4ET","100091527170","607","NORFOLK COUNTY COUNCIL","QMM","NHS NORFOLK AND WAVENEY INTEGRATED CARE BOARD","Y61","EAST OF ENGLAND COMMISSIONING REGION","G","EAST OF ENGLAND GOVERNMENT OFFICE REGION"
"RL1","THE ROBERT JONES AND AGNES HUNT ORTHOPAEDIC HOSPITAL NHS FOUNDATION TRUST","NHS TRUST","FOUNDATION TRUST","SY10 7AG","10007017488","417","SHROPSHIRE COUNCIL","QOC","NHS SHROPSHIRE, TELFORD AND WREKIN INTEGRATED CARE BOARD","Y60","MIDLANDS COMMISSIONING REGION","F","WEST MIDLANDS GOVERNMENT OFFICE REGION"
"RFR","THE ROTHERHAM NHS FOUNDATION TRUST","NHS TRUST","HOSPICE|FOUNDATION TRUST","S60 2UD","200000582870","206","ROTHERHAM METROPOLITAN BOROUGH COUNCIL","QF7","NHS SOUTH YORKSHIRE INTEGRATED CARE BOARD","Y63","NORTH EAST AND YORKSHIRE COMMISSIONING REGION","D","YORKSHIRE & THE HUMBER GOVERNMENT OFFICE REGION"
"RDZ","THE ROYAL BOURNEMOUTH AND CHRISTCHURCH HOSPITALS NHS FOUNDATION TRUST","NHS TRUST","HOSPICE|FOUNDATION TRUST","BH7 7DW","100041110435","738","BCP COUNCIL","QVV","NHS DORSET INTEGRATED CARE BOARD","Y58","SOUTH WEST COMMISSIONING REGION","K","SOUTH WEST GOVERNMENT OFFICE REGION"
"RPY","THE ROYAL MARSDEN NHS FOUNDATION TRUST","NHS TRUST","HOSPICE|FOUNDATION TRUST","SW3 6JJ","217032983","707","ROYAL BOROUGH OF KENSINGTON AND CHELSEA","QRV","NHS NORTH WEST LONDON INTEGRATED CARE BOARD","Y56","LONDON COMMISSIONING REGION","H","LONDON GOVERNMENT OFFICE REGION"
"RRJ","THE ROYAL ORTHOPAEDIC HOSPITAL NHS FOUNDATION TRUST","NHS TRUST","FOUNDATION TRUST","B31 2AP","10024329781","406","BIRMINGHAM CITY COUNCIL","QHL","NHS BIRMINGHAM AND SOLIHULL INTEGRATED CARE BOARD","Y60","MIDLANDS COMMISSIONING REGION","F","WEST MIDLANDS GOVERNMENT OFFICE REGION"
"RL4","THE ROYAL WOLVERHAMPTON NHS TRUST","NHS TRUST","HOSPICE","WV10 0QP","100071556759","412","CITY OF WOLVERHAMPTON COUNCIL","QUA","NHS BLACK COUNTRY INTEGRATED CARE BOARD","Y60","MIDLANDS COMMISSIONING REGION","F","WEST MIDLANDS GOVERNMENT OFFICE REGION"
"RXW","THE SHREWSBURY AND TELFORD HOSPITAL NHS TRUST","NHS TRUST","HOSPICE","SY3 8XQ","100071579721","417","SHROPSHIRE COUNCIL","QOC","NHS SHROPSHIRE, TELFORD AND WREKIN INTEGRATED CARE BOARD","Y60","MIDLANDS COMMISSIONING REGION","F","WEST MIDLANDS GOVERNMENT OFFICE REGION"
"RET","THE WALTON CENTRE NHS FOUNDATION TRUST","NHS TRUST","FOUNDATION TRUST","L9 7LJ","38095813","316","LIVERPOOL CITY COUNCIL","QYG","NHS CHESHIRE AND MERSEYSIDE INTEGRATED CARE BOARD","Y62","NORTH WEST COMMISSIONING REGION","B","NORTH WEST GOVERNMENT OFFICE REGION"
"RA9","TORBAY AND SOUTH DEVON NHS FOUNDATION TRUST","NHS TRUST","FOUNDATION TRUST","TQ2 7AA","10000009565","914","TORBAY COUNCIL","QJK","NHS DEVON INTEGRATED CARE BOARD","Y58","SOUTH WEST COMMISSIONING REGION","K","SOUTH WEST GOVERNMENT OFFICE REGION"
"RWD","UNITED LINCOLNSHIRE TEACHING HOSPITALS NHS TRUST","NHS TRUST","","LN2 5QY","235033632","503","LINCOLNSHIRE COUNTY COUNCIL","QJM","NHS LINCOLNSHIRE INTEGRATED CARE BOARD","Y60","MIDLANDS COMMISSIONING REGION","E","EAST MIDLANDS GOVERNMENT OFFICE REGION"
"RRV","UNIVERSITY COLLEGE LONDON HOSPITALS NHS FOUNDATION TRUST","NHS TRUST","FOUNDATION TRUST","NW1 2PG","5145465","702","LONDON BOROUGH OF CAMDEN","QMJ","NHS NORTH CENTRAL LONDON INTEGRATED CARE BOARD","Y56","LONDON COMMISSIONING REGION","H","LONDON GOVERNMENT OFFICE REGION"
"RM2","UNIVERSITY HOSPITAL OF SOUTH MANCHESTER NHS FOUNDATION TRUST","NHS TRUST","HOSPICE|FOUNDATION TRUST","M23 9LT","77239155","306","MANCHESTER CITY COUNCIL","QOP","NHS GREATER MANCHESTER INTEGRATED CARE BOARD","Y62","NORTH WEST COMMISSIONING REGION","B","NORTH WEST GOVERNMENT OFFICE REGION"
"RHM","UNIVERSITY HOSPITAL SOUTHAMPTON NHS FOUNDATION TRUST","NHS TRUST","HOSPICE|FOUNDATION TRUST","SO16 6YD","100062509013","814","SOUTHAMPTON CITY COUNCIL","QRL","NHS HAMPSHIRE AND ISLE OF WIGHT INTEGRATED CARE BOARD","Y59","SOUTH EAST COMMISSIONING REGION","J","SOUTH EAST GOVERNMENT OFFICE REGION"
"RRK","UNIVERSITY HOSPITALS BIRMINGHAM NHS FOUNDATION TRUST","NHS TRUST","HOSPICE|FOUNDATION TRUST","B15 2GW","10096675521","406","BIRMINGHAM CITY COUNCIL","QHL","NHS BIRMINGHAM AND SOLIHULL INTEGRATED CARE BOARD","Y60","MIDLANDS COMMISSIONING REGION","F","WEST MIDLANDS GOVERNMENT OFFICE REGION"
"RA7","UNIVERSITY HOSPITALS BRISTOL AND WESTON NHS FOUNDATION TRUST","NHS TRUST","FOUNDATION TRUST|MEDICINE SUPPLIER","BS1 3NU","344118","909","BRISTOL CITY COUNCIL","QUY","NHS BRISTOL, NORTH SOMERSET AND SOUTH GLOUCESTERSHIRE INTEGRATED CARE BOARD","Y58","SOUTH WEST COMMISSIONING REGION","K","SOUTH WEST GOVERNMENT OFFICE REGION"
"RKB","UNIVERSITY HOSPITALS COVENTRY AND WARWICKSHIRE NHS TRUST","NHS TRUST","","CV2 2DX","10023034079","407","COVENTRY CITY COUNCIL","QWU","NHS COVENTRY AND WARWICKSHIRE INTEGRATED CARE BOARD","Y60","MIDLANDS COMMISSIONING REGION","F","WEST MIDLANDS GOVERNMENT OFFICE REGION"
"R0D","UNIVERSITY HOSPITALS DORSET NHS FOUNDATION TRUST","NHS TRUST","FOUNDATION TRUST","BH15 2JB","100041056131","738","BCP COUNCIL","QVV","NHS DORSET INTEGRATED CARE BOARD","Y58","SOUTH WEST COMMISSIONING REGION","K","SOUTH WEST GOVERNMENT OFFICE REGION"
"RTG","UNIVERSITY HOSPITALS OF DERBY AND BURTON NHS FOUNDATION TRUST","NHS TRUST","FOUNDATION TRUST","DE22 3NE","100032007024","507","DERBY CITY COUNCIL","QJ2","NHS DERBY AND DERBYSHIRE INTEGRATED CARE BOARD","Y60","MIDLANDS COMMISSIONING REGION","E","EAST MIDLANDS GOVERNMENT OFFICE REGION"
"RWE","UNIVERSITY HOSPITALS OF LEICESTER NHS TRUST","NHS TRUST","","LE1 5WW","2465055933","509","LEICESTER CITY COUNCIL","QK1","NHS LEICESTER, LEICESTERSHIRE AND RUTLAND INTEGRATED CARE BOARD","Y60","MIDLANDS COMMISSIONING REGION","E","EAST MIDLANDS GOVERNMENT OFFICE REGION"
"RTX","UNIVERSITY HOSPITALS OF MORECAMBE BAY NHS FOUNDATION TRUST","NHS TRUST","FOUNDATION TRUST","LA9 7RG","100110697481","W8X1Q","WESTMORLAND AND FURNESS COUNCIL","QE1","NHS LANCASHIRE AND SOUTH CUMBRIA INTEGRATED CARE BOARD","Y62","NORTH WEST COMMISSIONING REGION","B","NORTH WEST GOVERNMENT OFFICE REGION"
"RJE","UNIVERSITY HOSPITALS OF NORTH MIDLANDS NHS TRUST","NHS TRUST","HOSPICE|MEDICINE SUPPLIER","ST4 6QG","3455114370","414","STOKE-ON-TRENT CITY COUNCIL","QNC","NHS STAFFORDSHIRE AND STOKE-ON-TRENT INTEGRATED CARE BOARD","Y60","MIDLANDS COMMISSIONING REGION","F","WEST MIDLANDS GOVERNMENT OFFICE REGION"
"RK9","UNIVERSITY HOSPITALS PLYMOUTH NHS TRUST","NHS TRUST","HOSPICE","PL6 8DH","100041168060","913","PLYMOUTH CITY COUNCIL","QJK","NHS DEVON INTEGRATED CARE BOARD","Y58","SOUTH WEST COMMISSIONING REGION","K","SOUTH WEST GOVERNMENT OFFICE REGION"
"RYR","UNIVERSITY HOSPITALS SUSSEX NHS FOUNDATION TRUST","NHS TRUST","FOUNDATION TRUST","BN11 2DH","100062227731","807","WEST SUSSEX COUNTY COUNCIL","QNX","NHS SUSSEX INTEGRATED CARE BOARD","Y59","SOUTH EAST COMMISSIONING REGION","J","SOUTH EAST GOVERNMENT OFFICE REGION"
"RQF","VELINDRE NHS TRUST","NHS TRUST","HOSPICE","CF15 7QZ","10001301180","040","RHONDDA, CYNON, TAFF UA","","","","","W","WALES GOVERNMENT OFFICE REGION"
"RBK","WALSALL HEALTHCARE NHS TRUST","NHS TRUST","","WS2 9PS","200003322598","411","WALSALL METROPOLITAN BOROUGH COUNCIL","QUA","NHS BLACK COUNTRY INTEGRATED CARE BOARD","Y60","MIDLANDS COMMISSIONING REGION","F","WEST MIDLANDS GOVERNMENT OFFICE REGION"
"RWW","WARRINGTON AND HALTON TEACHING HOSPITALS NHS FOUNDATION TRUST","NHS TRUST","FOUNDATION TRUST","WA5 1QG","100012381076","322","WARRINGTON BOROUGH COUNCIL","QYG","NHS CHESHIRE AND MERSEYSIDE INTEGRATED CARE BOARD","Y62","NORTH WEST COMMISSIONING REGION","B","NORTH WEST GOVERNMENT OFFICE REGION"
"RT4","WELSH AMBULANCE SERVICES NHS TRUST","NHS TRUST","","LL17 0LJ","200004299446","018","DENBIGHSHIRE UA","","","","","W","WALES GOVERNMENT OFFICE REGION"
"RWG","WEST HERTFORDSHIRE TEACHING HOSPITALS NHS TRUST","NHS TRUST","MEDICINE SUPPLIER","WD18 0HB","200000926905","606","HERTFORDSHIRE COUNTY COUNCIL","QM7","NHS HERTFORDSHIRE AND WEST ESSEX INTEGRATED CARE BOARD","Y61","EAST OF ENGLAND COMMISSIONING REGION","G","EAST OF ENGLAND GOVERNMENT OFFICE REGION"
"RKL","WEST LONDON NHS TRUST","NHS TRUST","","UB2 4SD","12152819","722","LONDON BOROUGH OF EALING","QRV","NHS NORTH WEST LONDON INTEGRATED CARE BOARD","Y56","LONDON COMMISSIONING REGION","H","LONDON GOVERNMENT OFFICE REGION"
"RFW","WEST MIDDLESEX UNIVERSITY HOSPITAL NHS TRUST","NHS TRUST","HOSPICE","TW7 6AF","100023406558","728","LONDON BOROUGH OF HOUNSLOW","QRV","NHS NORTH WEST LONDON INTEGRATED CARE BOARD","Y56","LONDON COMMISSIONING REGION","H","LONDON GOVERNMENT OFFICE REGION"
"RYA","WEST MIDLANDS AMBULANCE SERVICE UNIVERSITY NHS FOUNDATION TRUST","NHS TRUST","FOUNDATION TRUST","DY5 1LX","90161270","408","DUDLEY METROPOLITAN BOROUGH COUNCIL","QUA","NHS BLACK COUNTRY INTEGRATED CARE BOARD","Y60","MIDLANDS COMMISSIONING REGION","F","WEST MIDLANDS GOVERNMENT OFFICE REGION"
"RGR","WEST SUFFOLK NHS FOUNDATION TRUST","NHS TRUST","HOSPICE|FOUNDATION TRUST","IP33 2QZ","100091504760","609","SUFFOLK COUNTY COUNCIL","QJG","NHS SUFFOLK AND NORTH EAST ESSEX INTEGRATED CARE BOARD","Y61","EAST OF ENGLAND COMMISSIONING REGION","G","EAST OF ENGLAND GOVERNMENT OFFICE REGION"
"RA3","WESTON AREA HEALTH NHS TRUST","NHS TRUST","","BS23 4TQ","24004162","910","NORTH SOMERSET COUNCIL","QUY","NHS BRISTOL, NORTH SOMERSET AND SOUTH GLOUCESTERSHIRE INTEGRATED CARE BOARD","Y58","SOUTH WEST COMMISSIONING REGION","K","SOUTH WEST GOVERNMENT OFFICE REGION"
"RKE","WHITTINGTON HEALTH NHS TRUST","NHS TRUST","HOSPICE","N19 5NF","10090262687","706","LONDON BOROUGH OF ISLINGTON","QMJ","NHS NORTH CENTRAL LONDON INTEGRATED CARE BOARD","Y56","LONDON COMMISSIONING REGION","H","LONDON GOVERNMENT OFFICE REGION"
"RN1","WINCHESTER AND EASTLEIGH HEALTHCARE NHS TRUST","NHS TRUST","","SO22 5DG","100062519769","812","HAMPSHIRE COUNTY COUNCIL","QRL","NHS HAMPSHIRE AND ISLE OF WIGHT INTEGRATED CARE BOARD","Y59","SOUTH EAST COMMISSIONING REGION","J","SOUTH EAST GOVERNMENT OFFICE REGION"
"RY7","WIRRAL COMMUNITY HEALTH AND CARE NHS FOUNDATION TRUST","NHS TRUST","FOUNDATION TRUST","CH42 0LQ","","319","WIRRAL BOROUGH COUNCIL","QYG","NHS CHESHIRE AND MERSEYSIDE INTEGRATED CARE BOARD","Y62","NORTH WEST COMMISSIONING REGION","B","NORTH WEST GOVERNMENT OFFICE REGION"
"RBL","WIRRAL UNIVERSITY TEACHING HOSPITAL NHS FOUNDATION TRUST","NHS TRUST","HOSPICE|FOUNDATION TRUST|MEDICINE SUPPLIER","CH49 5PE","42158420","319","WIRRAL BOROUGH COUNCIL","QYG","NHS CHESHIRE AND MERSEYSIDE INTEGRATED CARE BOARD","Y62","NORTH WEST COMMISSIONING REGION","B","NORTH WEST GOVERNMENT OFFICE REGION"
"RWP","WORCESTERSHIRE ACUTE HOSPITALS NHS TRUST","NHS TRUST","","WR5 1DD","10000854326","416","WORCESTERSHIRE COUNTY COUNCIL","QGH","NHS HEREFORDSHIRE AND WORCESTERSHIRE INTEGRATED CARE BOARD","Y60","MIDLANDS COMMISSIONING REGION","F","WEST MIDLANDS GOVERNMENT OFFICE REGION"
"RRF","WRIGHTINGTON, WIGAN AND LEIGH TEACHING HOSPITALS NHS FOUNDATION TRUST","NHS TRUST","FOUNDATION TRUST","WN1 2NN","100012895824","313","WIGAN METROPOLITAN BOROUGH COUNCIL","QOP","NHS GREATER MANCHESTER INTEGRATED CARE BOARD","Y62","NORTH WEST COMMISSIONING REGION","B","NORTH WEST GOVERNMENT OFFICE REGION"
"RLQ","WYE VALLEY NHS TRUST","NHS TRUST","HOSPICE","HR1 2ER","200002588115","415","HEREFORDSHIRE COUNCIL","QGH","NHS HEREFORDSHIRE AND WORCESTERSHIRE INTEGRATED CARE BOARD","Y60","MIDLANDS COMMISSIONING REGION","F","WEST MIDLANDS GOVERNMENT OFFICE REGION"
"RA4","YEOVIL DISTRICT HOSPITAL NHS FOUNDATION TRUST","NHS TRUST","FOUNDATION TRUST|MEDICINE SUPPLIER","BA21 4AT","30025212","905","SOMERSET COUNCIL","QSL","NHS SOMERSET INTEGRATED CARE BOARD","Y58","SOUTH WEST COMMISSIONING REGION","K","SOUTH WEST GOVERNMENT OFFICE REGION"
"RCB","YORK AND SCARBOROUGH TEACHING HOSPITALS NHS FOUNDATION TRUST","NHS TRUST","HOSPICE|FOUNDATION TRUST","YO31 8HE","100052169265","219","CITY OF YORK COUNCIL","QOQ","NHS HUMBER AND NORTH YORKSHIRE INTEGRATED CARE BOARD","Y63","NORTH EAST AND YORKSHIRE COMMISSIONING REGION","D","YORKSHIRE & THE HUMBER GOVERNMENT OFFICE REGION"
"RX8","YORKSHIRE AMBULANCE SERVICE NHS TRUST","NHS TRUST","","WF2 0XQ","63178340","213","WAKEFIELD METROPOLITAN DISTRICT COUNCIL","QWO","NHS WEST YORKSHIRE INTEGRATED CARE BOARD","Y63","NORTH EAST AND YORKSHIRE COMMISSIONING REGION","D","YORKSHIRE & THE HUMBER GOVERNMENT OFFICE REGION"
